,Neón Tetra,Cardenal Tetra,Tetra Fantasma Negro,Betta,Guppy,Platy,Cola de Espada,Molly Negro,Corydora Pimienta,Corydora Bronce,Corydora Albino,Pleco Bristlenose,Otocinclus,Pez Ángel,Disco,Ramirezi,Gourami Enano,Gourami Tres Puntos,Barbo Tigre,Barbo Rosado,Pez Cebra,Rasbora Arlequín,Rasbora Mosquito,Gamba Amano,Gamba Cherry,Tetra Luminoso,Tetra Nariz Roja,Óscar,Rasbora Lambchop,Locha Kuhli,Tetra Ember,Tetra Congo,Tetra Serpae,Tetra Falda Negra,Barbo Cereza,Gourami Perla,Gourami Miel,Locha Payaso,Comealgas Siamés,Comealgas Chino,Endler,Danio Perla Celestial,Neón Chino,Locha Enana,Ramirezi Boliviano,Apistogramma Cacatúa,Cíclido Cerradura,Corydora Pigmea,Gourami Centelleante,Arcoíris Enano,Tetra Diamante,Tetra Limón,Tetra Corazón Sangrante,Tetra Pristella,Tetra Pingüino,Tetra Aleta Roja,Tetra Faro,Tetra Llama,Barbo Denisonii,Barbo Dorado,Barbo Cinco Bandas,Barbo Odessa,Kribensis,Acara Azul Eléctrico,Boca de Fuego,Cíclido Convicto,Jack Dempsey,Labidochromis Amarillo,Demasoni,Arcoíris Boesemani,Arcoíris Turquesa,Ojo Azul de Forktail,Corydora Panda,Corydora Sterbai,Corydora Julii,Corydora Sal y Pimienta,Pez de Cristal,Bagre Invertido,Bagre Pictus,Locha Yoyo,Locha Cebra,Locha Mariposa,Molly Vela,Molly Yucatán,Limia Rayada,Killifish Payaso,Killifish Dorado,Badis Escarlata,Pez Globo Enano,Pez Hacha Plateado,Pez Hacha Mármol,Pez Elefante,Pez Mariposa Africano,Pez Cuerda,Gamba Crystal Red,Gamba Bambú,Caracol Nerita,Caracol Misterio,Pez Paraíso,Gobio Arcoíris
Neón Tetra,0.0,0.8,0.8,-0.3,0.5,0.5,0.5,0.5,1.0,1.0,1.0,0.7,0.8,-0.5,0.5,0.5,0.5,0.0,0.0,0.0,0.0,0.8,0.8,0.5,0.5,0.8,0.8,-1.0,0.8,0.7,0.8,0.0,0.0,0.0,0.0,0.0,0.5,0.7,0.7,-0.3,0.5,0.8,0.0,0.7,0.5,0.3,0.5,1.0,0.5,0.5,0.8,0.8,0.8,0.8,0.8,0.0,0.8,0.8,0.0,0.0,0.0,0.0,0.3,0.3,0.3,-0.5,-0.5,-0.5,-0.5,0.5,0.5,0.5,1.0,1.0,1.0,1.0,0.5,0.5,0.0,0.7,0.7,0.7,0.5,0.5,0.5,0.3,0.3,0.0,-0.3,0.7,0.7,0.3,0.0,-0.8,0.5,0.5,0.7,0.7,-0.3,0.0
Cardenal Tetra,0.8,0.0,0.8,-0.3,0.5,0.5,0.5,0.5,1.0,1.0,1.0,0.7,0.8,-0.5,0.5,0.5,0.5,0.0,0.0,0.0,0.0,0.8,0.8,0.5,0.5,0.8,0.8,-1.0,0.8,0.7,0.8,0.0,0.0,0.0,0.0,0.0,0.5,0.7,0.7,-0.3,0.5,0.8,0.0,0.7,0.5,0.3,0.5,1.0,0.5,0.5,0.8,0.8,0.8,0.8,0.8,0.0,0.8,0.8,0.0,0.0,0.0,0.0,0.3,0.3,0.3,-0.5,-0.5,-0.5,-0.5,0.5,0.5,0.5,1.0,1.0,1.0,1.0,0.5,0.5,0.0,0.7,0.7,0.7,0.5,0.5,0.5,0.3,0.3,0.0,-0.3,0.7,0.7,0.3,0.0,-0.8,0.5,0.5,0.7,0.7,-0.3,0.0
Tetra Fantasma Negro,0.8,0.8,0.0,-0.3,0.5,0.5,0.5,0.5,1.0,1.0,1.0,0.7,0.8,0.0,0.5,0.5,0.5,0.0,0.0,0.0,0.0,0.8,0.8,0.5,0.5,0.8,0.8,-1.0,0.8,0.7,0.8,0.0,0.0,0.0,0.0,0.0,0.5,0.7,0.7,-0.3,0.5,0.8,0.0,0.7,0.5,0.3,0.5,1.0,0.5,0.5,0.8,0.8,0.8,0.8,0.8,0.0,0.8,0.8,0.0,0.0,0.0,0.0,0.3,0.3,0.3,-0.5,-0.5,-0.5,-0.5,0.5,0.5,0.5,1.0,1.0,1.0,1.0,0.5,0.5,0.0,0.7,0.7,0.7,0.5,0.5,0.5,0.3,0.3,0.0,-0.3,0.7,0.7,0.3,0.0,0.0,0.5,0.5,0.7,0.7,-0.3,0.0
Betta,-0.3,-0.3,-0.3,0.0,-0.5,0.0,0.0,0.0,0.3,0.3,0.3,0.0,0.0,0.0,0.0,0.0,-0.8,-1.0,-0.7,0.0,0.0,0.0,0.0,0.0,0.0,-0.3,-0.3,-1.0,0.0,0.0,-0.3,0.0,-0.7,0.0,0.0,-0.7,-0.7,0.0,0.0,0.0,0.0,0.0,-0.5,0.0,0.0,0.0,0.0,0.3,-0.7,0.0,-0.3,-0.3,-0.3,-0.3,-0.3,0.0,-0.3,-0.3,0.0,0.0,0.0,0.0,0.0,0.0,0.0,0.0,0.0,0.0,0.0,0.0,0.0,0.0,0.3,0.3,0.3,0.3,0.0,0.0,0.0,0.0,0.0,0.0,0.0,0.0,0.0,0.0,0.0,0.0,-0.8,0.0,0.0,0.0,0.0,0.0,0.0,0.0,0.0,0.0,-1.0,0.0
Guppy,0.5,0.5,0.5,-0.5,0.0,0.5,0.5,0.5,0.7,0.7,0.7,0.7,0.7,0.0,0.0,0.0,0.0,0.0,-0.5,0.5,0.0,0.0,0.0,0.0,0.0,0.5,0.5,-1.0,0.0,0.0,0.5,0.0,-0.5,0.0,0.5,0.0,0.0,0.0,0.7,0.0,0.5,0.0,0.0,0.0,0.0,0.0,0.0,0.7,0.0,0.5,0.5,0.5,0.5,0.5,0.5,0.0,0.5,0.5,0.5,0.5,0.5,0.5,0.0,0.0,0.0,0.0,0.0,-0.3,-0.3,0.5,0.5,0.5,0.7,0.7,0.7,0.7,0.0,0.0,0.0,0.0,0.0,0.0,0.5,0.5,0.5,0.0,0.0,0.0,-0.5,0.0,0.0,0.0,-0.5,0.0,0.0,0.0,0.7,0.7,0.0,0.0
Platy,0.5,0.5,0.5,0.0,0.5,0.0,0.5,0.5,0.7,0.7,0.7,0.7,0.7,0.0,0.0,0.0,0.0,0.0,0.0,0.5,0.0,0.0,0.0,0.0,0.0,0.5,0.5,-1.0,0.0,0.0,0.5,0.0,0.0,0.0,0.5,0.0,0.0,0.0,0.7,0.0,0.5,0.0,0.0,0.0,0.0,0.0,0.0,0.7,0.0,0.5,0.5,0.5,0.5,0.5,0.5,0.0,0.5,0.5,0.5,0.5,0.5,0.5,0.0,0.0,0.0,0.0,0.0,-0.3,-0.3,0.5,0.5,0.5,0.7,0.7,0.7,0.7,0.0,0.0,0.0,0.0,0.0,0.0,0.5,0.5,0.5,0.0,0.0,0.0,0.0,0.0,0.0,0.0,0.0,0.0,0.0,0.0,0.7,0.7,0.0,0.0
Cola de Espada,0.5,0.5,0.5,0.0,0.5,0.5,0.0,0.5,0.7,0.7,0.7,0.7,0.7,0.0,0.0,0.0,0.0,0.0,0.0,0.5,0.0,0.0,0.0,0.0,0.0,0.5,0.5,-1.0,0.0,0.0,0.5,0.0,0.0,0.0,0.5,0.0,0.0,0.0,0.7,0.0,0.5,0.0,0.0,0.0,0.0,0.0,0.0,0.7,0.0,0.5,0.5,0.5,0.5,0.5,0.5,0.0,0.5,0.5,0.5,0.5,0.5,0.5,0.0,0.0,0.0,0.0,0.0,-0.3,-0.3,0.5,0.5,0.5,0.7,0.7,0.7,0.7,0.0,0.0,0.0,0.0,0.0,0.0,0.5,0.5,0.5,0.0,0.0,0.0,0.0,0.0,0.0,0.0,0.0,0.0,0.0,0.0,0.7,0.7,0.0,0.0
Molly Negro,0.5,0.5,0.5,0.0,0.5,0.5,0.5,0.0,0.7,0.7,0.7,0.7,0.7,0.0,0.0,0.0,0.0,0.0,0.0,0.5,0.0,0.0,0.0,0.0,0.0,0.5,0.5,-1.0,0.0,0.0,0.5,0.0,0.0,0.0,0.5,0.0,0.0,0.0,0.7,0.0,0.5,0.0,0.0,0.0,0.0,0.0,0.0,0.7,0.0,0.5,0.5,0.5,0.5,0.5,0.5,0.0,0.5,0.5,0.5,0.5,0.5,0.5,0.0,0.0,0.0,0.0,0.0,-0.3,-0.3,0.5,0.5,0.5,0.7,0.7,0.7,0.7,0.0,0.0,0.0,0.0,0.0,0.0,0.5,0.5,0.5,0.0,0.0,0.0,0.0,0.0,0.0,0.0,0.0,0.0,0.0,0.0,0.7,0.7,0.0,0.0
Corydora Pimienta,1.0,1.0,1.0,0.3,0.7,0.7,0.7,0.7,0.0,0.9,0.9,0.7,0.8,0.7,0.5,0.6,0.6,0.0,0.3,0.5,0.0,0.0,0.0,0.7,0.7,1.0,1.0,-1.0,0.0,0.5,1.0,0.0,0.3,0.0,0.5,0.0,0.6,0.5,0.7,0.0,0.7,0.0,0.5,0.5,0.6,0.3,0.6,0.9,0.6,0.7,1.0,1.0,1.0,1.0,1.0,0.0,1.0,1.0,0.5,0.5,0.5,0.5,0.3,0.3,0.3,-0.3,-0.3,-0.5,-0.5,0.7,0.7,0.7,0.9,0.9,0.9,0.9,0.7,0.5,0.3,0.5,0.5,0.5,0.7,0.7,0.7,0.5,0.5,0.3,0.0,0.8,0.8,0.3,0.5,0.3,0.7,0.7,0.7,0.7,0.0,0.0
Corydora Bronce,1.0,1.0,1.0,0.3,0.7,0.7,0.7,0.7,0.9,0.0,0.9,0.7,0.8,0.7,0.5,0.6,0.6,0.0,0.3,0.5,0.0,0.0,0.0,0.7,0.7,1.0,1.0,-1.0,0.0,0.5,1.0,0.0,0.3,0.0,0.5,0.0,0.6,0.5,0.7,0.0,0.7,0.0,0.0,0.5,0.6,0.3,0.6,0.9,0.6,0.7,1.0,1.0,1.0,1.0,1.0,0.0,1.0,1.0,0.5,0.5,0.5,0.5,0.3,0.3,0.3,-0.3,-0.3,-0.5,-0.5,0.7,0.7,0.7,0.9,0.9,0.9,0.9,0.7,0.5,0.3,0.5,0.5,0.5,0.7,0.7,0.7,0.5,0.5,0.3,0.0,0.8,0.8,0.3,0.5,0.3,0.7,0.7,0.7,0.7,0.0,0.0
Corydora Albino,1.0,1.0,1.0,0.3,0.7,0.7,0.7,0.7,0.9,0.9,0.0,0.7,0.8,0.7,0.5,0.6,0.6,0.0,0.3,0.5,0.0,0.0,0.0,0.7,0.7,1.0,1.0,-1.0,0.0,0.5,1.0,0.0,0.3,0.0,0.5,0.0,0.6,0.5,0.7,0.0,0.7,0.0,0.0,0.5,0.6,0.3,0.6,0.9,0.6,0.7,1.0,1.0,1.0,1.0,1.0,0.0,1.0,1.0,0.5,0.5,0.5,0.5,0.3,0.3,0.3,-0.3,-0.3,-0.5,-0.5,0.7,0.7,0.7,0.9,0.9,0.9,0.9,0.7,0.5,0.3,0.5,0.5,0.5,0.7,0.7,0.7,0.5,0.5,0.3,0.0,0.8,0.8,0.3,0.5,0.3,0.7,0.7,0.7,0.7,0.0,0.0
Pleco Bristlenose,0.7,0.7,0.7,0.0,0.7,0.7,0.7,0.7,0.7,0.7,0.7,0.0,0.0,0.0,0.0,0.5,0.0,0.0,0.0,0.0,0.0,0.7,0.7,0.0,0.0,0.7,0.7,-0.5,0.7,0.0,0.7,0.0,0.0,0.0,0.0,0.0,0.0,0.0,0.3,-0.5,0.7,0.7,0.0,0.0,0.5,0.5,0.5,0.7,0.0,0.7,0.7,0.7,0.7,0.7,0.7,0.0,0.7,0.7,0.0,0.0,0.0,0.0,0.5,0.5,0.5,0.3,0.3,0.0,0.0,0.7,0.7,0.7,0.7,0.7,0.7,0.7,0.5,0.5,0.5,0.0,0.0,0.0,0.7,0.7,0.7,0.0,0.0,0.0,0.0,0.7,0.7,0.5,0.5,0.5,0.0,0.0,0.5,0.5,0.0,0.0
Otocinclus,0.8,0.8,0.8,0.0,0.7,0.7,0.7,0.7,0.8,0.8,0.8,0.0,0.0,0.0,0.0,0.0,0.0,0.0,0.0,0.0,0.0,0.8,0.8,0.8,0.8,0.8,0.8,-1.0,0.8,0.0,0.8,0.0,0.0,0.0,0.0,0.0,0.0,0.0,0.0,0.0,0.7,0.8,0.0,0.0,0.0,0.0,0.0,0.8,0.0,0.0,0.8,0.8,0.8,0.8,0.8,0.0,0.8,0.8,0.0,0.0,0.0,0.0,0.0,0.0,0.0,0.0,0.0,0.0,0.0,0.0,0.0,0.0,0.8,0.8,0.8,0.8,0.0,0.0,0.0,0.0,0.0,0.0,0.7,0.7,0.7,0.0,0.0,0.5,0.0,0.8,0.8,0.0,0.0,0.0,0.8,0.8,0.7,0.7,0.0,0.0
Pez Ángel,-0.5,-0.5,0.0,0.0,0.0,0.0,0.0,0.0,0.7,0.7,0.7,0.0,0.0,0.0,0.5,0.0,0.0,0.0,-0.8,0.0,0.0,0.0,-0.8,-0.8,-0.8,0.0,0.0,-0.5,0.0,0.0,-0.5,0.3,-0.8,0.5,0.0,0.0,0.0,0.0,0.0,-0.7,0.0,-0.8,0.0,0.0,0.0,0.0,0.0,0.7,0.0,0.3,0.0,0.0,0.0,0.0,0.0,0.0,0.0,0.0,0.0,0.0,0.0,0.0,0.0,0.0,0.0,0.0,0.0,0.0,0.0,0.3,0.3,0.3,0.7,0.7,0.7,0.7,0.0,0.0,0.0,0.0,0.0,0.0,0.0,0.0,0.0,0.0,0.0,0.0,0.0,0.0,0.0,0.0,0.0,0.3,-0.8,-0.8,0.0,0.0,0.0,0.0
Disco,0.5,0.5,0.5,0.0,0.0,0.0,0.0,0.0,0.5,0.5,0.5,0.0,0.0,0.5,0.0,0.0,0.0,0.0,0.0,0.0,0.0,0.0,0.0,0.0,0.0,0.5,0.5,-0.5,0.0,0.0,0.5,0.0,0.0,0.0,0.0,0.0,0.0,0.0,0.0,-0.8,0.0,0.0,-0.5,0.0,0.0,0.0,0.0,0.5,0.0,0.0,0.5,0.5,0.5,0.5,0.5,0.0,0.5,0.5,0.0,0.0,0.0,0.0,0.0,0.0,0.0,0.0,0.0,0.0,0.0,0.0,0.0,0.0,0.5,0.7,0.5,0.5,0.0,0.0,0.0,0.0,0.0,0.0,0.0,0.0,0.0,0.0,0.0,0.0,0.0,0.0,0.0,0.0,0.0,0.0,0.0,0.0,0.0,0.0,0.0,0.0
Ramirezi,0.5,0.5,0.5,0.0,0.0,0.0,0.0,0.0,0.6,0.6,0.6,0.5,0.0,0.0,0.0,0.0,0.0,0.0,0.0,0.0,0.0,0.0,0.0,0.0,0.0,0.5,0.5,-1.0,0.0,0.0,0.5,0.0,0.0,0.0,0.0,0.0,0.0,0.0,0.0,0.0,0.0,0.0,-0.5,0.0,0.0,0.0,0.0,0.6,0.0,0.0,0.5,0.5,0.5,0.5,0.5,0.0,0.5,0.5,0.0,0.0,0.0,0.0,-0.5,0.0,0.0,0.0,0.0,0.0,0.0,0.0,0.0,0.0,0.6,0.6,0.6,0.6,0.0,0.0,0.0,0.0,0.0,0.0,0.0,0.0,0.0,0.0,0.0,0.0,0.0,0.0,0.0,0.0,0.0,0.0,0.0,0.0,0.0,0.0,0.0,0.0
Gourami Enano,0.5,0.5,0.5,-0.8,0.0,0.0,0.0,0.0,0.6,0.6,0.6,0.0,0.0,0.0,0.0,0.0,0.0,-0.5,-0.5,0.0,0.0,0.5,0.5,0.0,0.0,0.5,0.5,-1.0,0.5,0.0,0.5,0.0,-0.5,0.0,0.0,-0.5,-0.5,0.0,0.0,0.0,0.0,0.5,0.0,0.0,0.0,0.0,0.0,0.6,-0.5,0.0,0.5,0.5,0.5,0.5,0.5,0.0,0.5,0.5,0.0,0.0,0.0,0.0,0.0,0.0,0.0,0.0,0.0,0.0,0.0,0.0,0.0,0.0,0.6,0.6,0.6,0.6,0.0,0.0,0.0,0.0,0.0,0.0,0.0,0.0,0.0,0.0,0.0,0.0,0.0,0.0,0.0,0.0,0.0,0.0,0.0,0.0,0.0,0.0,-0.8,0.0
Gourami Tres Puntos,0.0,0.0,0.0,-1.0,0.0,0.0,0.0,0.0,0.0,0.0,0.0,0.0,0.0,0.0,0.0,0.0,-0.5,0.0,0.0,0.0,0.0,0.0,0.0,0.0,0.0,0.0,0.0,-0.5,0.0,0.0,0.0,0.0,0.0,0.0,0.0,-0.5,-0.5,0.0,0.0,0.0,0.0,0.0,0.0,0.0,0.0,0.0,0.0,0.0,-0.5,0.0,0.0,0.0,0.0,0.0,0.0,0.0,0.0,0.0,0.0,0.0,0.0,0.0,0.0,0.0,0.0,0.0,0.0,0.0,0.0,0.0,0.0,0.0,0.0,0.0,0.0,0.0,0.0,0.0,0.0,0.0,0.0,0.0,0.0,0.0,0.0,0.0,0.0,0.0,0.0,0.0,0.0,0.0,0.0,0.0,0.0,0.0,0.0,0.0,-0.8,0.0
Barbo Tigre,0.0,0.0,0.0,-0.7,-0.5,0.0,0.0,0.0,0.3,0.3,0.3,0.0,0.0,-0.8,0.0,0.0,-0.5,0.0,0.0,0.0,0.0,0.0,0.0,0.0,0.0,0.0,0.0,-1.0,0.0,0.0,0.0,0.0,0.3,0.0,0.0,0.0,-0.5,0.0,0.0,0.0,0.0,0.0,0.0,0.0,0.0,0.0,0.0,0.3,-0.5,0.0,0.0,0.0,0.0,0.0,0.0,0.0,0.0,0.0,0.0,0.0,0.0,0.0,0.0,0.0,0.0,0.0,0.0,0.0,0.0,0.0,0.0,0.0,0.3,0.3,0.3,0.3,0.0,0.0,0.0,0.0,0.0,0.0,0.0,0.0,0.0,0.0,0.0,0.0,0.0,0.0,0.0,0.0,0.0,0.0,0.0,0.0,0.0,0.0,0.0,0.0
Barbo Rosado,0.0,0.0,0.0,0.0,0.5,0.5,0.5,0.5,0.5,0.5,0.5,0.0,0.0,0.0,0.0,0.0,0.0,0.0,0.0,0.0,0.0,0.0,0.0,0.0,0.0,0.0,0.0,-1.0,0.0,0.0,0.0,0.0,0.0,0.0,0.5,0.0,0.0,0.0,0.0,0.0,0.5,0.0,0.5,0.0,0.0,0.0,0.0,0.5,0.0,0.0,0.0,0.0,0.0,0.0,0.0,0.0,0.0,0.0,0.5,0.5,0.5,0.5,0.0,0.0,0.0,0.0,0.0,0.0,0.0,0.0,0.0,0.0,0.5,0.5,0.5,0.5,0.0,0.0,0.0,0.0,0.0,0.0,0.5,0.5,0.5,0.0,0.0,0.0,0.0,0.0,0.0,0.0,0.0,0.0,0.0,0.0,0.0,0.0,0.0,0.0
Pez Cebra,0.0,0.0,0.0,0.0,0.0,0.0,0.0,0.0,0.0,0.0,0.0,0.0,0.0,0.0,0.0,0.0,0.0,0.0,0.0,0.0,0.0,0.0,0.0,0.0,0.0,0.0,0.0,-1.0,0.0,0.0,0.0,0.0,0.0,0.0,0.0,0.0,0.0,0.0,0.0,0.0,0.0,0.0,0.7,0.0,0.0,0.0,0.0,0.0,0.0,0.0,0.0,0.0,0.0,0.0,0.0,0.0,0.0,0.0,0.0,0.0,0.0,0.0,0.0,0.0,0.0,0.0,0.0,0.0,0.0,0.0,0.0,0.0,0.0,0.0,0.0,0.0,0.0,0.0,0.0,0.0,0.0,0.0,0.0,0.0,0.0,0.0,0.0,0.0,0.0,0.0,0.0,0.0,0.0,0.0,0.0,0.0,0.0,0.0,0.0,0.0
Rasbora Arlequín,0.8,0.8,0.8,0.0,0.0,0.0,0.0,0.0,0.0,0.0,0.0,0.7,0.8,0.0,0.0,0.0,0.5,0.0,0.0,0.0,0.0,0.0,0.8,0.5,0.5,0.8,0.8,-1.0,0.8,0.0,0.8,0.0,0.0,0.0,0.0,0.0,0.5,0.0,0.7,0.0,0.0,0.8,0.0,0.0,0.0,0.0,0.0,0.0,0.5,0.0,0.8,0.8,0.8,0.8,0.8,0.0,0.8,0.8,0.0,0.0,0.0,0.0,0.0,0.0,0.0,0.0,0.0,0.0,0.0,0.0,0.0,0.0,0.0,0.0,0.0,0.0,0.0,0.0,0.0,0.0,0.0,0.0,0.0,0.0,0.0,0.0,0.0,0.0,0.0,0.7,0.7,0.0,0.0,-0.8,0.5,0.5,0.7,0.7,0.0,0.0
Rasbora Mosquito,0.8,0.8,0.8,0.0,0.0,0.0,0.0,0.0,0.0,0.0,0.0,0.7,0.8,-0.8,0.0,0.0,0.5,0.0,0.0,0.0,0.0,0.8,0.0,0.5,0.5,0.8,0.8,-1.0,0.8,0.0,0.8,0.0,0.0,0.0,0.0,0.0,0.5,0.0,0.7,0.0,0.0,0.8,0.0,0.0,0.0,0.0,0.0,0.0,0.5,0.0,0.8,0.8,0.8,0.8,0.8,0.0,0.8,0.8,0.0,0.0,0.0,0.0,0.0,0.0,0.0,0.0,0.0,0.0,0.0,0.0,0.0,0.0,0.0,0.0,0.0,0.0,0.0,0.0,-0.8,0.0,0.0,0.0,0.0,0.0,0.0,0.0,-0.5,-0.3,0.0,0.7,0.7,0.0,0.0,-0.8,0.5,0.5,0.7,0.7,0.0,0.0
Gamba Amano,0.5,0.5,0.5,0.0,0.0,0.0,0.0,0.0,0.7,0.7,0.7,0.0,0.8,-0.8,0.0,0.0,0.0,0.0,0.0,0.0,0.0,0.5,0.5,0.0,0.8,0.5,0.5,-1.0,0.5,0.0,0.5,0.0,0.0,0.0,0.0,0.0,0.0,-0.3,0.0,-0.8,0.0,0.5,0.0,0.0,0.0,-0.5,0.0,0.7,0.0,0.0,0.5,0.5,0.5,0.5,0.5,0.0,0.5,0.5,0.0,0.0,0.0,0.0,-0.5,-0.5,-0.5,-1.0,-1.0,-0.8,-0.8,0.0,0.0,0.0,0.7,0.7,0.7,0.7,0.0,0.0,-0.8,0.0,0.0,0.0,0.0,0.0,0.0,0.0,0.0,0.0,-0.5,0.0,0.0,-0.3,-0.3,-1.0,0.8,0.8,0.8,0.8,0.0,0.0
Gamba Cherry,0.5,0.5,0.5,0.0,0.0,0.0,0.0,0.0,0.7,0.7,0.7,0.0,0.8,-0.8,0.0,0.0,0.0,0.0,0.0,0.0,0.0,0.5,0.5,0.8,0.0,0.5,0.5,-1.0,0.5,0.0,0.5,0.0,0.0,0.0,0.0,0.0,0.0,-0.3,0.0,-0.8,0.0,0.5,0.0,0.0,0.0,-0.5,0.0,0.7,0.0,0.0,0.5,0.5,0.5,0.5,0.5,0.0,0.5,0.5,0.0,0.0,0.0,0.0,-0.5,-0.5,-0.5,-1.0,-1.0,-0.8,-0.8,0.0,0.0,0.0,0.7,0.7,0.7,0.7,0.0,0.0,-0.8,0.0,0.0,0.0,0.0,0.0,0.0,0.0,0.0,-0.3,-0.5,0.0,0.0,-0.3,-0.3,-1.0,0.8,0.8,0.8,0.8,0.0,0.0
Tetra Luminoso,0.8,0.8,0.8,-0.3,0.5,0.5,0.5,0.5,1.0,1.0,1.0,0.7,0.8,0.0,0.5,0.5,0.5,0.0,0.0,0.0,0.0,0.8,0.8,0.5,0.5,0.0,0.8,-1.0,0.8,0.7,0.8,0.0,0.0,0.0,0.0,0.0,0.5,0.7,0.7,-0.3,0.5,0.8,0.0,0.7,0.5,0.3,0.5,1.0,0.5,0.5,0.8,0.8,0.8,0.8,0.8,0.0,0.8,0.8,0.0,0.0,0.0,0.0,0.3,0.3,0.3,-0.5,-0.5,-0.5,-0.5,0.5,0.5,0.5,1.0,1.0,1.0,1.0,0.5,0.5,0.0,0.7,0.7,0.7,0.5,0.5,0.5,0.3,0.3,0.0,-0.3,0.7,0.7,0.3,0.0,0.0,0.5,0.5,0.7,0.7,-0.3,0.0
Tetra Nariz Roja,0.8,0.8,0.8,-0.3,0.5,0.5,0.5,0.5,1.0,1.0,1.0,0.7,0.8,0.0,0.5,0.5,0.5,0.0,0.0,0.0,0.0,0.8,0.8,0.5,0.5,0.8,0.0,-1.0,0.8,0.7,0.8,0.0,0.0,0.0,0.0,0.0,0.5,0.7,0.7,-0.3,0.5,0.8,0.0,0.7,0.5,0.3,0.5,1.0,0.5,0.5,0.8,0.8,0.8,0.8,0.8,0.0,0.8,0.8,0.0,0.0,0.0,0.0,0.3,0.3,0.3,-0.5,-0.5,-0.5,-0.5,0.5,0.5,0.5,1.0,1.0,1.0,1.0,0.5,0.5,0.0,0.7,0.7,0.7,0.5,0.5,0.5,0.3,0.3,0.0,-0.3,0.7,0.7,0.3,0.0,0.0,0.5,0.5,0.7,0.7,-0.3,0.0
Óscar,-1.0,-1.0,-1.0,-1.0,-1.0,-1.0,-1.0,-1.0,-1.0,-1.0,-1.0,-0.5,-1.0,-0.5,-0.5,-1.0,-1.0,-0.5,-1.0,-1.0,-1.0,-1.0,-1.0,-1.0,-1.0,-1.0,-1.0,0.0,-1.0,-1.0,-1.0,-1.0,-1.0,-1.0,-1.0,-1.0,-1.0,-0.3,-0.5,-0.3,-1.0,-1.0,-1.0,-1.0,-1.0,-1.0,-1.0,-1.0,-1.0,-1.0,-1.0,-1.0,-1.0,-1.0,-1.0,-1.0,-1.0,-1.0,-1.0,-1.0,-1.0,-1.0,-1.0,-0.5,-0.5,-0.3,-0.3,-1.0,-1.0,-1.0,-1.0,-1.0,-1.0,-1.0,-1.0,-1.0,-1.0,-1.0,-1.0,-1.0,-1.0,-1.0,-1.0,-0.5,-1.0,-1.0,-1.0,-1.0,-1.0,-1.0,-1.0,-0.5,-1.0,-0.3,-1.0,-1.0,-1.0,-1.0,-1.0,-1.0
Rasbora Lambchop,0.8,0.8,0.8,0.0,0.0,0.0,0.0,0.0,0.0,0.0,0.0,0.7,0.8,0.0,0.0,0.0,0.5,0.0,0.0,0.0,0.0,0.8,0.8,0.5,0.5,0.8,0.8,-1.0,0.0,0.0,0.8,0.0,0.0,0.0,0.0,0.0,0.5,0.0,0.7,0.0,0.0,0.8,0.0,0.0,0.0,0.0,0.0,0.0,0.5,0.0,0.8,0.8,0.8,0.8,0.8,0.0,0.8,0.8,0.0,0.0,0.0,0.0,0.0,0.0,0.0,0.0,0.0,0.0,0.0,0.0,0.0,0.0,0.0,0.0,0.0,0.0,0.0,0.0,0.0,0.0,0.0,0.0,0.0,0.0,0.0,0.0,0.0,0.0,0.0,0.7,0.7,0.0,0.0,-0.8,0.5,0.5,0.7,0.7,0.0,0.0
Locha Kuhli,0.7,0.7,0.7,0.0,0.0,0.0,0.0,0.0,0.5,0.5,0.5,0.0,0.0,0.0,0.0,0.0,0.0,0.0,0.0,0.0,0.0,0.0,0.0,0.0,0.0,0.7,0.7,-1.0,0.0,0.0,0.7,0.0,0.0,0.0,0.0,0.0,0.0,0.5,0.0,0.0,0.0,0.0,-0.5,0.5,0.0,0.0,0.0,0.5,0.0,0.0,0.7,0.7,0.7,0.7,0.7,0.0,0.7,0.7,0.0,0.0,0.0,0.0,0.0,0.0,0.0,0.0,0.0,0.0,0.0,0.0,0.0,0.0,0.5,0.5,0.5,0.5,0.0,0.0,0.0,0.5,0.5,0.5,0.0,0.0,0.0,0.0,0.0,0.0,0.0,0.0,0.0,0.0,0.0,0.0,0.0,0.0,0.0,0.0,0.0,0.0
Tetra Ember,0.8,0.8,0.8,-0.3,0.5,0.5,0.5,0.5,1.0,1.0,1.0,0.7,0.8,-0.5,0.5,0.5,0.5,0.0,0.0,0.0,0.0,0.8,0.8,0.5,0.5,0.8,0.8,-1.0,0.8,0.7,0.0,0.0,0.0,0.0,0.0,0.0,0.5,0.7,0.7,-0.3,0.5,0.8,0.0,0.7,0.5,0.3,0.5,1.0,0.5,0.5,0.8,0.8,0.8,0.8,0.8,0.0,0.8,0.8,0.0,0.0,0.0,0.0,0.3,0.3,0.3,-0.5,-0.5,-0.5,-0.5,0.5,0.5,0.5,1.0,1.0,1.0,1.0,0.5,0.5,-0.5,0.7,0.7,0.7,0.5,0.5,0.5,0.3,0.3,0.0,-0.3,0.7,0.7,0.3,0.0,-0.8,0.5,0.5,0.7,0.7,-0.3,0.0
Tetra Congo,0.0,0.0,0.0,0.0,0.0,0.0,0.0,0.0,0.0,0.0,0.0,0.0,0.0,0.3,0.0,0.0,0.0,0.0,0.0,0.0,0.0,0.0,0.0,0.0,0.0,0.0,0.0,-1.0,0.0,0.0,0.0,0.0,0.0,0.0,0.0,0.0,0.0,0.0,0.0,0.0,0.0,0.0,0.0,0.0,0.0,0.0,0.0,0.0,0.0,0.0,0.0,0.0,0.0,0.0,0.0,0.0,0.0,0.0,0.0,0.0,0.0,0.0,0.0,0.0,0.0,0.0,0.0,0.0,0.0,0.0,0.0,0.0,0.0,0.0,0.0,0.0,0.0,0.0,0.0,0.0,0.0,0.0,0.0,0.0,0.0,0.0,0.0,0.0,0.0,0.0,0.0,0.0,0.0,0.0,0.0,0.0,0.0,0.0,0.0,0.0
Tetra Serpae,0.0,0.0,0.0,-0.7,-0.5,0.0,0.0,0.0,0.3,0.3,0.3,0.0,0.0,-0.8,0.0,0.0,-0.5,0.0,0.3,0.0,0.0,0.0,0.0,0.0,0.0,0.0,0.0,-1.0,0.0,0.0,0.0,0.0,0.0,0.0,0.0,0.0,-0.5,0.0,0.0,0.0,0.0,0.0,0.0,0.0,0.0,0.0,0.0,0.3,-0.5,0.0,0.0,0.0,0.0,0.0,0.0,0.0,0.0,0.0,0.0,0.0,0.0,0.0,0.0,0.0,0.0,0.0,0.0,0.0,0.0,0.0,0.0,0.0,0.3,0.3,0.3,0.3,0.0,0.0,0.0,0.0,0.0,0.0,0.0,0.0,0.0,0.0,0.0,0.0,0.0,0.0,0.0,0.0,0.0,0.0,0.0,0.0,0.0,0.0,0.0,0.0
Tetra Falda Negra,0.0,0.0,0.0,0.0,0.0,0.0,0.0,0.0,0.0,0.0,0.0,0.0,0.0,0.5,0.0,0.0,0.0,0.0,0.0,0.0,0.0,0.0,0.0,0.0,0.0,0.0,0.0,-1.0,0.0,0.0,0.0,0.0,0.0,0.0,0.0,0.0,0.0,0.0,0.0,0.0,0.0,0.0,0.0,0.0,0.0,0.0,0.0,0.0,0.0,0.0,0.0,0.0,0.0,0.0,0.0,0.0,0.0,0.0,0.0,0.0,0.0,0.0,0.0,0.0,0.0,0.0,0.0,0.0,0.0,0.0,0.0,0.0,0.0,0.0,0.0,0.0,0.0,0.0,0.0,0.0,0.0,0.0,0.0,0.0,0.0,0.0,0.0,0.0,0.0,0.0,0.0,0.0,0.0,0.0,0.0,0.0,0.0,0.0,0.0,0.0
Barbo Cereza,0.0,0.0,0.0,0.0,0.5,0.5,0.5,0.5,0.5,0.5,0.5,0.0,0.0,0.0,0.0,0.0,0.0,0.0,0.0,0.5,0.0,0.0,0.0,0.0,0.0,0.0,0.0,-1.0,0.0,0.0,0.0,0.0,0.0,0.0,0.0,0.0,0.0,0.0,0.0,0.0,0.5,0.0,0.5,0.0,0.0,0.0,0.0,0.5,0.0,0.0,0.0,0.0,0.0,0.0,0.0,0.0,0.0,0.0,0.5,0.5,0.5,0.5,0.0,0.0,0.0,0.0,0.0,0.0,0.0,0.0,0.0,0.0,0.5,0.5,0.5,0.5,0.0,0.0,0.0,0.0,0.0,0.0,0.5,0.5,0.5,0.0,0.0,0.0,0.0,0.0,0.0,0.0,0.0,0.0,0.0,0.0,0.0,0.0,0.0,0.0
Gourami Perla,0.0,0.0,0.0,-0.7,0.0,0.0,0.0,0.0,0.0,0.0,0.0,0.0,0.0,0.0,0.0,0.0,-0.5,-0.5,0.0,0.0,0.0,0.0,0.0,0.0,0.0,0.0,0.0,-1.0,0.0,0.0,0.0,0.0,0.0,0.0,0.0,0.0,-0.5,0.0,0.0,0.0,0.0,0.0,0.0,0.0,0.0,0.0,0.0,0.0,-0.5,0.0,0.0,0.0,0.0,0.0,0.0,0.0,0.0,0.0,0.0,0.0,0.0,0.0,0.0,0.0,0.0,0.0,0.0,0.0,0.0,0.0,0.0,0.0,0.0,0.0,0.0,0.0,0.0,0.0,0.0,0.0,0.0,0.0,0.0,0.0,0.0,0.0,0.0,0.0,0.0,0.0,0.0,0.0,0.0,0.0,0.0,0.0,0.0,0.0,-0.8,0.0
Gourami Miel,0.5,0.5,0.5,-0.7,0.0,0.0,0.0,0.0,0.6,0.6,0.6,0.0,0.0,0.0,0.0,0.0,-0.5,-0.5,-0.5,0.0,0.0,0.5,0.5,0.0,0.0,0.5,0.5,-1.0,0.5,0.0,0.5,0.0,-0.5,0.0,0.0,-0.5,0.0,0.0,0.0,0.0,0.0,0.5,0.0,0.0,0.0,0.0,0.0,0.6,-0.5,0.0,0.5,0.5,0.5,0.5,0.5,0.0,0.5,0.5,0.0,0.0,0.0,0.0,0.0,0.0,0.0,0.0,0.0,0.0,0.0,0.0,0.0,0.0,0.6,0.6,0.6,0.6,0.0,0.0,0.0,0.0,0.0,0.0,0.0,0.0,0.0,0.0,0.0,0.0,0.0,0.0,0.0,0.0,0.0,0.0,0.0,0.0,0.0,0.0,-0.8,0.0
Locha Payaso,0.7,0.7,0.7,0.0,0.0,0.0,0.0,0.0,0.5,0.5,0.5,0.0,0.0,0.0,0.0,0.0,0.0,0.0,0.0,0.0,0.0,0.0,0.0,-0.3,-0.3,0.7,0.7,-0.3,0.0,0.5,0.7,0.0,0.0,0.0,0.0,0.0,0.0,0.0,0.0,0.0,0.0,0.0,0.0,0.5,0.0,0.0,0.0,0.5,0.0,0.0,0.7,0.7,0.7,0.7,0.7,0.0,0.7,0.7,0.0,0.0,0.0,0.0,0.0,0.0,0.0,0.0,0.0,0.0,0.0,0.0,0.0,0.0,0.5,0.5,0.5,0.5,0.0,0.0,0.0,0.5,0.5,0.5,0.0,0.0,0.0,0.0,0.0,0.0,0.0,0.0,0.0,0.0,0.0,0.0,-0.3,-0.3,-0.8,-0.8,0.0,0.0
Comealgas Siamés,0.7,0.7,0.7,0.0,0.7,0.7,0.7,0.7,0.7,0.7,0.7,0.3,0.0,0.0,0.0,0.0,0.0,0.0,0.0,0.0,0.0,0.7,0.7,0.0,0.0,0.7,0.7,-0.5,0.7,0.0,0.7,0.0,0.0,0.0,0.0,0.0,0.0,0.0,0.0,-0.5,0.7,0.7,0.0,0.0,0.0,0.0,0.0,0.7,0.0,0.0,0.7,0.7,0.7,0.7,0.7,0.0,0.7,0.7,0.0,0.0,0.0,0.0,0.0,0.0,0.0,0.0,0.0,0.0,0.0,0.0,0.0,0.0,0.7,0.7,0.7,0.7,0.0,0.0,0.0,0.0,0.0,0.0,0.7,0.7,0.7,0.0,0.0,0.0,0.0,0.0,0.0,0.0,0.0,0.0,0.0,0.0,0.0,0.0,0.0,0.0
Comealgas Chino,-0.3,-0.3,-0.3,0.0,0.0,0.0,0.0,0.0,0.0,0.0,0.0,-0.5,0.0,-0.7,-0.8,0.0,0.0,0.0,0.0,0.0,0.0,0.0,0.0,-0.8,-0.8,-0.3,-0.3,-0.3,0.0,0.0,-0.3,0.0,0.0,0.0,0.0,0.0,0.0,0.0,-0.5,0.0,0.0,0.0,0.0,0.0,0.0,0.0,0.0,0.0,0.0,0.0,-0.3,-0.3,-0.3,-0.3,-0.3,0.0,-0.3,-0.3,0.0,0.0,0.0,0.0,0.0,0.0,0.0,0.0,0.0,0.0,0.0,0.0,0.0,0.0,0.0,0.0,0.0,0.0,0.0,0.0,0.0,0.0,0.0,0.0,0.0,0.0,0.0,0.0,0.0,0.0,0.0,0.0,0.0,0.0,0.0,0.0,-0.8,-0.8,0.0,0.0,0.0,0.0
Endler,0.5,0.5,0.5,0.0,0.5,0.5,0.5,0.5,0.7,0.7,0.7,0.7,0.7,0.0,0.0,0.0,0.0,0.0,0.0,0.5,0.0,0.0,0.0,0.0,0.0,0.5,0.5,-1.0,0.0,0.0,0.5,0.0,0.0,0.0,0.5,0.0,0.0,0.0,0.7,0.0,0.0,0.0,0.0,0.0,0.0,0.0,0.0,0.7,0.0,0.5,0.5,0.5,0.5,0.5,0.5,0.0,0.5,0.5,0.5,0.5,0.5,0.5,0.0,0.0,0.0,0.0,0.0,-0.3,-0.3,0.5,0.5,0.5,0.7,0.7,0.7,0.7,0.0,0.0,0.0,0.0,0.0,0.0,0.5,0.5,0.5,0.0,0.0,0.0,0.0,0.0,0.0,0.0,-0.5,0.0,0.0,0.0,0.7,0.7,0.0,0.0
Danio Perla Celestial,0.8,0.8,0.8,0.0,0.0,0.0,0.0,0.0,0.0,0.0,0.0,0.7,0.8,-0.8,0.0,0.0,0.5,0.0,0.0,0.0,0.0,0.8,0.8,0.5,0.5,0.8,0.8,-1.0,0.8,0.0,0.8,0.0,0.0,0.0,0.0,0.0,0.5,0.0,0.7,0.0,0.0,0.0,0.0,0.0,0.0,0.0,0.0,0.0,0.5,0.0,0.8,0.8,0.8,0.8,0.8,0.0,0.8,0.8,0.0,0.0,0.0,0.0,0.0,0.0,0.0,0.0,0.0,0.0,0.0,0.0,0.0,0.0,0.0,0.0,0.0,0.0,0.0,0.0,-0.8,0.0,0.0,0.0,0.0,0.0,0.0,0.0,-0.5,0.0,0.0,0.7,0.7,0.0,0.0,-0.8,0.5,0.5,0.7,0.7,0.0,0.0
Neón Chino,0.0,0.0,0.0,-0.5,0.0,0.0,0.0,0.0,0.5,0.0,0.0,0.0,0.0,0.0,-0.5,-0.5,0.0,0.0,0.0,0.5,0.7,0.0,0.0,0.0,0.0,0.0,0.0,-1.0,0.0,-0.5,0.0,0.0,0.0,0.0,0.5,0.0,0.0,0.0,0.0,0.0,0.0,0.0,0.0,0.0,0.0,0.0,0.0,0.0,0.0,0.0,0.0,0.0,0.0,0.0,0.0,0.0,0.0,0.0,0.0,0.0,0.0,0.0,0.0,0.0,0.0,0.0,0.0,0.0,0.0,0.0,0.0,0.0,0.0,0.0,0.0,0.0,0.0,0.0,0.0,0.0,0.0,0.0,0.0,0.0,0.0,0.0,0.0,0.0,0.0,0.0,0.0,0.0,0.0,0.0,0.0,0.0,0.0,0.0,0.3,0.0
Locha Enana,0.7,0.7,0.7,0.0,0.0,0.0,0.0,0.0,0.5,0.5,0.5,0.0,0.0,0.0,0.0,0.0,0.0,0.0,0.0,0.0,0.0,0.0,0.0,0.0,0.0,0.7,0.7,-1.0,0.0,0.5,0.7,0.0,0.0,0.0,0.0,0.0,0.0,0.5,0.0,0.0,0.0,0.0,0.0,0.0,0.0,0.0,0.0,0.5,0.0,0.0,0.7,0.7,0.7,0.7,0.7,0.0,0.7,0.7,0.0,0.0,0.0,0.0,0.0,0.0,0.0,0.0,0.0,0.0,0.0,0.0,0.0,0.0,0.5,0.5,0.5,0.5,0.0,0.0,0.0,0.5,0.5,0.5,0.0,0.0,0.0,0.0,0.0,0.0,0.0,0.0,0.0,0.0,0.0,0.0,0.0,0.0,0.0,0.0,0.0,0.0
Ramirezi Boliviano,0.5,0.5,0.5,0.0,0.0,0.0,0.0,0.0,0.6,0.6,0.6,0.5,0.0,0.0,0.0,0.0,0.0,0.0,0.0,0.0,0.0,0.0,0.0,0.0,0.0,0.5,0.5,-1.0,0.0,0.0,0.5,0.0,0.0,0.0,0.0,0.0,0.0,0.0,0.0,0.0,0.0,0.0,0.0,0.0,0.0,0.0,0.0,0.6,0.0,0.0,0.5,0.5,0.5,0.5,0.5,0.0,0.5,0.5,0.0,0.0,0.0,0.0,0.0,0.0,0.0,0.0,0.0,0.0,0.0,0.0,0.0,0.0,0.6,0.6,0.6,0.6,0.0,0.0,0.0,0.0,0.0,0.0,0.0,0.0,0.0,0.0,0.0,0.0,0.0,0.0,0.0,0.0,0.0,0.0,0.0,0.0,0.0,0.0,0.0,0.0
Apistogramma Cacatúa,0.3,0.3,0.3,0.0,0.0,0.0,0.0,0.0,0.3,0.3,0.3,0.5,0.0,0.0,0.0,0.0,0.0,0.0,0.0,0.0,0.0,0.0,0.0,-0.5,-0.5,0.3,0.3,-1.0,0.0,0.0,0.3,0.0,0.0,0.0,0.0,0.0,0.0,0.0,0.0,0.0,0.0,0.0,0.0,0.0,0.0,0.0,0.0,0.3,0.0,0.0,0.3,0.3,0.3,0.3,0.3,0.0,0.3,0.3,0.0,0.0,0.0,0.0,-0.5,0.0,0.0,0.0,0.0,0.0,0.0,0.0,0.0,0.0,0.3,0.3,0.3,0.3,0.0,0.0,0.0,0.0,0.0,0.0,0.0,0.0,0.0,0.0,0.0,0.0,0.0,0.0,0.0,0.0,0.0,0.0,-0.5,-0.5,0.0,0.0,0.0,0.0
Cíclido Cerradura,0.5,0.5,0.5,0.0,0.0,0.0,0.0,0.0,0.6,0.6,0.6,0.5,0.0,0.0,0.0,0.0,0.0,0.0,0.0,0.0,0.0,0.0,0.0,0.0,0.0,0.5,0.5,-1.0,0.0,0.0,0.5,0.0,0.0,0.0,0.0,0.0,0.0,0.0,0.0,0.0,0.0,0.0,0.0,0.0,0.0,0.0,0.0,0.6,0.0,0.0,0.5,0.5,0.5,0.5,0.5,0.0,0.5,0.5,0.0,0.0,0.0,0.0,0.0,0.0,0.0,0.0,0.0,0.0,0.0,0.0,0.0,0.0,0.6,0.6,0.6,0.6,0.0,0.0,0.0,0.0,0.0,0.0,0.0,0.0,0.0,0.0,0.0,0.0,0.0,0.0,0.0,0.0,0.0,0.0,0.0,0.0,0.0,0.0,0.0,0.0
Corydora Pigmea,1.0,1.0,1.0,0.3,0.7,0.7,0.7,0.7,0.9,0.9,0.9,0.7,0.8,0.7,0.5,0.6,0.6,0.0,0.3,0.5,0.0,0.0,0.0,0.7,0.7,1.0,1.0,-1.0,0.0,0.5,1.0,0.0,0.3,0.0,0.5,0.0,0.6,0.5,0.7,0.0,0.7,0.0,0.0,0.5,0.6,0.3,0.6,0.0,0.6,0.7,1.0,1.0,1.0,1.0,1.0,0.0,1.0,1.0,0.5,0.5,0.5,0.5,0.3,0.3,0.3,-0.3,-0.3,-0.5,-0.5,0.7,0.7,0.7,0.9,0.9,0.9,0.9,0.7,0.5,0.3,0.5,0.5,0.5,0.7,0.7,0.7,0.5,0.5,0.3,0.0,0.8,0.8,0.3,0.5,0.3,0.7,0.7,0.7,0.7,0.0,0.0
Gourami Centelleante,0.5,0.5,0.5,-0.7,0.0,0.0,0.0,0.0,0.6,0.6,0.6,0.0,0.0,0.0,0.0,0.0,-0.5,-0.5,-0.5,0.0,0.0,0.5,0.5,0.0,0.0,0.5,0.5,-1.0,0.5,0.0,0.5,0.0,-0.5,0.0,0.0,-0.5,-0.5,0.0,0.0,0.0,0.0,0.5,0.0,0.0,0.0,0.0,0.0,0.6,0.0,0.0,0.5,0.5,0.5,0.5,0.5,0.0,0.5,0.5,0.0,0.0,0.0,0.0,0.0,0.0,0.0,0.0,0.0,0.0,0.0,0.0,0.0,0.0,0.6,0.6,0.6,0.6,0.0,0.0,0.0,0.0,0.0,0.0,0.0,0.0,0.0,0.0,0.0,0.0,0.0,0.0,0.0,0.0,0.0,0.0,0.0,0.0,0.0,0.0,-0.8,0.0
Arcoíris Enano,0.5,0.5,0.5,0.0,0.5,0.5,0.5,0.5,0.7,0.7,0.7,0.7,0.0,0.3,0.0,0.0,0.0,0.0,0.0,0.0,0.0,0.0,0.0,0.0,0.0,0.5,0.5,-1.0,0.0,0.0,0.5,0.0,0.0,0.0,0.0,0.0,0.0,0.0,0.0,0.0,0.5,0.0,0.0,0.0,0.0,0.0,0.0,0.7,0.0,0.0,0.5,0.5,0.5,0.5,0.5,0.0,0.5,0.5,0.0,0.0,0.0,0.0,0.0,0.0,0.0,0.0,0.0,0.0,0.0,0.7,0.7,0.7,0.7,0.7,0.7,0.7,0.0,0.0,0.0,0.0,0.0,0.0,0.5,0.5,0.5,0.0,0.0,0.0,0.0,0.0,0.0,0.0,0.0,0.0,0.0,0.0,0.0,0.0,0.0,0.0
Tetra Diamante,0.8,0.8,0.8,-0.3,0.5,0.5,0.5,0.5,1.0,1.0,1.0,0.7,0.8,0.0,0.5,0.5,0.5,0.0,0.0,0.0,0.0,0.8,0.8,0.5,0.5,0.8,0.8,-1.0,0.8,0.7,0.8,0.0,0.0,0.0,0.0,0.0,0.5,0.7,0.7,-0.3,0.5,0.8,0.0,0.7,0.5,0.3,0.5,1.0,0.5,0.5,0.0,0.8,0.8,0.8,0.8,0.0,0.8,0.8,0.0,0.0,0.0,0.0,0.3,0.3,0.3,-0.5,-0.5,-0.5,-0.5,0.5,0.5,0.5,1.0,1.0,1.0,1.0,0.5,0.5,0.0,0.7,0.7,0.7,0.5,0.5,0.5,0.3,0.3,0.0,-0.3,0.7,0.7,0.3,0.0,0.0,0.5,0.5,0.7,0.7,-0.3,0.0
Tetra Limón,0.8,0.8,0.8,-0.3,0.5,0.5,0.5,0.5,1.0,1.0,1.0,0.7,0.8,0.0,0.5,0.5,0.5,0.0,0.0,0.0,0.0,0.8,0.8,0.5,0.5,0.8,0.8,-1.0,0.8,0.7,0.8,0.0,0.0,0.0,0.0,0.0,0.5,0.7,0.7,-0.3,0.5,0.8,0.0,0.7,0.5,0.3,0.5,1.0,0.5,0.5,0.8,0.0,0.8,0.8,0.8,0.0,0.8,0.8,0.0,0.0,0.0,0.0,0.3,0.3,0.3,-0.5,-0.5,-0.5,-0.5,0.5,0.5,0.5,1.0,1.0,1.0,1.0,0.5,0.5,0.0,0.7,0.7,0.7,0.5,0.5,0.5,0.3,0.3,0.0,-0.3,0.7,0.7,0.3,0.0,0.0,0.5,0.5,0.7,0.7,-0.3,0.0
Tetra Corazón Sangrante,0.8,0.8,0.8,-0.3,0.5,0.5,0.5,0.5,1.0,1.0,1.0,0.7,0.8,0.0,0.5,0.5,0.5,0.0,0.0,0.0,0.0,0.8,0.8,0.5,0.5,0.8,0.8,-1.0,0.8,0.7,0.8,0.0,0.0,0.0,0.0,0.0,0.5,0.7,0.7,-0.3,0.5,0.8,0.0,0.7,0.5,0.3,0.5,1.0,0.5,0.5,0.8,0.8,0.0,0.8,0.8,0.0,0.8,0.8,0.0,0.0,0.0,0.0,0.3,0.3,0.3,-0.5,-0.5,-0.5,-0.5,0.5,0.5,0.5,1.0,1.0,1.0,1.0,0.5,0.5,0.0,0.7,0.7,0.7,0.5,0.5,0.5,0.3,0.3,0.0,-0.3,0.7,0.7,0.3,0.0,0.0,0.5,0.5,0.7,0.7,-0.3,0.0
Tetra Pristella,0.8,0.8,0.8,-0.3,0.5,0.5,0.5,0.5,1.0,1.0,1.0,0.7,0.8,0.0,0.5,0.5,0.5,0.0,0.0,0.0,0.0,0.8,0.8,0.5,0.5,0.8,0.8,-1.0,0.8,0.7,0.8,0.0,0.0,0.0,0.0,0.0,0.5,0.7,0.7,-0.3,0.5,0.8,0.0,0.7,0.5,0.3,0.5,1.0,0.5,0.5,0.8,0.8,0.8,0.0,0.8,0.0,0.8,0.8,0.0,0.0,0.0,0.0,0.3,0.3,0.3,-0.5,-0.5,-0.5,-0.5,0.5,0.5,0.5,1.0,1.0,1.0,1.0,0.5,0.5,0.0,0.7,0.7,0.7,0.5,0.5,0.5,0.3,0.3,0.0,-0.3,0.7,0.7,0.3,0.0,0.0,0.5,0.5,0.7,0.7,-0.3,0.0
Tetra Pingüino,0.8,0.8,0.8,-0.3,0.5,0.5,0.5,0.5,1.0,1.0,1.0,0.7,0.8,0.0,0.5,0.5,0.5,0.0,0.0,0.0,0.0,0.8,0.8,0.5,0.5,0.8,0.8,-1.0,0.8,0.7,0.8,0.0,0.0,0.0,0.0,0.0,0.5,0.7,0.7,-0.3,0.5,0.8,0.0,0.7,0.5,0.3,0.5,1.0,0.5,0.5,0.8,0.8,0.8,0.8,0.0,0.0,0.8,0.8,0.0,0.0,0.0,0.0,0.3,0.3,0.3,-0.5,-0.5,-0.5,-0.5,0.5,0.5,0.5,1.0,1.0,1.0,1.0,0.5,0.5,0.0,0.7,0.7,0.7,0.5,0.5,0.5,0.3,0.3,0.0,-0.3,0.7,0.7,0.3,0.0,0.0,0.5,0.5,0.7,0.7,-0.3,0.0
Tetra Aleta Roja,0.0,0.0,0.0,0.0,0.0,0.0,0.0,0.0,0.0,0.0,0.0,0.0,0.0,0.0,0.0,0.0,0.0,0.0,0.0,0.0,0.0,0.0,0.0,0.0,0.0,0.0,0.0,-1.0,0.0,0.0,0.0,0.0,0.0,0.0,0.0,0.0,0.0,0.0,0.0,0.0,0.0,0.0,0.0,0.0,0.0,0.0,0.0,0.0,0.0,0.0,0.0,0.0,0.0,0.0,0.0,0.0,0.0,0.0,0.0,0.0,0.0,0.0,0.0,0.0,0.0,0.0,0.0,0.0,0.0,0.0,0.0,0.0,0.0,0.0,0.0,0.0,0.0,0.0,0.0,0.0,0.0,0.0,0.0,0.0,0.0,0.0,0.0,0.0,0.0,0.0,0.0,0.0,0.0,0.0,0.0,0.0,0.0,0.0,0.0,0.0
Tetra Faro,0.8,0.8,0.8,-0.3,0.5,0.5,0.5,0.5,1.0,1.0,1.0,0.7,0.8,0.0,0.5,0.5,0.5,0.0,0.0,0.0,0.0,0.8,0.8,0.5,0.5,0.8,0.8,-1.0,0.8,0.7,0.8,0.0,0.0,0.0,0.0,0.0,0.5,0.7,0.7,-0.3,0.5,0.8,0.0,0.7,0.5,0.3,0.5,1.0,0.5,0.5,0.8,0.8,0.8,0.8,0.8,0.0,0.0,0.8,0.0,0.0,0.0,0.0,0.3,0.3,0.3,-0.5,-0.5,-0.5,-0.5,0.5,0.5,0.5,1.0,1.0,1.0,1.0,0.5,0.5,0.0,0.7,0.7,0.7,0.5,0.5,0.5,0.3,0.3,0.0,-0.3,0.7,0.7,0.3,0.0,0.0,0.5,0.5,0.7,0.7,-0.3,0.0
Tetra Llama,0.8,0.8,0.8,-0.3,0.5,0.5,0.5,0.5,1.0,1.0,1.0,0.7,0.8,0.0,0.5,0.5,0.5,0.0,0.0,0.0,0.0,0.8,0.8,0.5,0.5,0.8,0.8,-1.0,0.8,0.7,0.8,0.0,0.0,0.0,0.0,0.0,0.5,0.7,0.7,-0.3,0.5,0.8,0.0,0.7,0.5,0.3,0.5,1.0,0.5,0.5,0.8,0.8,0.8,0.8,0.8,0.0,0.8,0.0,0.0,0.0,0.0,0.0,0.3,0.3,0.3,-0.5,-0.5,-0.5,-0.5,0.5,0.5,0.5,1.0,1.0,1.0,1.0,0.5,0.5,0.0,0.7,0.7,0.7,0.5,0.5,0.5,0.3,0.3,0.0,-0.3,0.7,0.7,0.3,0.0,0.0,0.5,0.5,0.7,0.7,-0.3,0.0
Barbo Denisonii,0.0,0.0,0.0,0.0,0.5,0.5,0.5,0.5,0.5,0.5,0.5,0.0,0.0,0.0,0.0,0.0,0.0,0.0,0.0,0.5,0.0,0.0,0.0,0.0,0.0,0.0,0.0,-1.0,0.0,0.0,0.0,0.0,0.0,0.0,0.5,0.0,0.0,0.0,0.0,0.0,0.5,0.0,0.0,0.0,0.0,0.0,0.0,0.5,0.0,0.0,0.0,0.0,0.0,0.0,0.0,0.0,0.0,0.0,0.0,0.5,0.5,0.5,0.0,0.0,0.0,0.0,0.0,0.0,0.0,0.0,0.0,0.0,0.5,0.5,0.5,0.5,0.0,0.0,0.0,0.0,0.0,0.0,0.5,0.5,0.5,0.0,0.0,0.0,0.0,0.0,0.0,0.0,0.0,0.0,0.0,0.0,0.0,0.0,0.0,0.0
Barbo Dorado,0.0,0.0,0.0,0.0,0.5,0.5,0.5,0.5,0.5,0.5,0.5,0.0,0.0,0.0,0.0,0.0,0.0,0.0,0.0,0.5,0.0,0.0,0.0,0.0,0.0,0.0,0.0,-1.0,0.0,0.0,0.0,0.0,0.0,0.0,0.5,0.0,0.0,0.0,0.0,0.0,0.5,0.0,0.0,0.0,0.0,0.0,0.0,0.5,0.0,0.0,0.0,0.0,0.0,0.0,0.0,0.0,0.0,0.0,0.5,0.0,0.5,0.5,0.0,0.0,0.0,0.0,0.0,0.0,0.0,0.0,0.0,0.0,0.5,0.5,0.5,0.5,0.0,0.0,0.0,0.0,0.0,0.0,0.5,0.5,0.5,0.0,0.0,0.0,0.0,0.0,0.0,0.0,0.0,0.0,0.0,0.0,0.0,0.0,0.0,0.0
Barbo Cinco Bandas,0.0,0.0,0.0,0.0,0.5,0.5,0.5,0.5,0.5,0.5,0.5,0.0,0.0,0.0,0.0,0.0,0.0,0.0,0.0,0.5,0.0,0.0,0.0,0.0,0.0,0.0,0.0,-1.0,0.0,0.0,0.0,0.0,0.0,0.0,0.5,0.0,0.0,0.0,0.0,0.0,0.5,0.0,0.0,0.0,0.0,0.0,0.0,0.5,0.0,0.0,0.0,0.0,0.0,0.0,0.0,0.0,0.0,0.0,0.5,0.5,0.0,0.5,0.0,0.0,0.0,0.0,0.0,0.0,0.0,0.0,0.0,0.0,0.5,0.5,0.5,0.5,0.0,0.0,0.0,0.0,0.0,0.0,0.5,0.5,0.5,0.0,0.0,0.0,0.0,0.0,0.0,0.0,0.0,0.0,0.0,0.0,0.0,0.0,0.0,0.0
Barbo Odessa,0.0,0.0,0.0,0.0,0.5,0.5,0.5,0.5,0.5,0.5,0.5,0.0,0.0,0.0,0.0,0.0,0.0,0.0,0.0,0.5,0.0,0.0,0.0,0.0,0.0,0.0,0.0,-1.0,0.0,0.0,0.0,0.0,0.0,0.0,0.5,0.0,0.0,0.0,0.0,0.0,0.5,0.0,0.0,0.0,0.0,0.0,0.0,0.5,0.0,0.0,0.0,0.0,0.0,0.0,0.0,0.0,0.0,0.0,0.5,0.5,0.5,0.0,0.0,0.0,0.0,0.0,0.0,0.0,0.0,0.0,0.0,0.0,0.5,0.5,0.5,0.5,0.0,0.0,0.0,0.0,0.0,0.0,0.5,0.5,0.5,0.0,0.0,0.0,0.0,0.0,0.0,0.0,0.0,0.0,0.0,0.0,0.0,0.0,0.0,0.0
Kribensis,0.3,0.3,0.3,0.0,0.0,0.0,0.0,0.0,0.3,0.3,0.3,0.5,0.0,0.0,0.0,-0.5,0.0,0.0,0.0,0.0,0.0,0.0,0.0,-0.5,-0.5,0.3,0.3,-1.0,0.0,0.0,0.3,0.0,0.0,0.0,0.0,0.0,0.0,0.0,0.0,0.0,0.0,0.0,0.0,0.0,0.0,-0.5,0.0,0.3,0.0,0.0,0.3,0.3,0.3,0.3,0.3,0.0,0.3,0.3,0.0,0.0,0.0,0.0,0.0,0.0,0.0,0.0,0.0,0.0,0.0,0.0,0.0,0.0,0.3,0.3,0.3,0.3,0.0,0.0,0.0,0.0,0.0,0.0,0.0,0.0,0.0,0.0,0.0,0.0,0.0,0.0,0.0,0.0,0.0,0.0,-0.5,-0.5,0.0,0.0,0.0,0.0
Acara Azul Eléctrico,0.3,0.3,0.3,0.0,0.0,0.0,0.0,0.0,0.3,0.3,0.3,0.5,0.0,0.0,0.0,0.0,0.0,0.0,0.0,0.0,0.0,0.0,0.0,-0.5,-0.5,0.3,0.3,-0.5,0.0,0.0,0.3,0.0,0.0,0.0,0.0,0.0,0.0,0.0,0.0,0.0,0.0,0.0,0.0,0.0,0.0,0.0,0.0,0.3,0.0,0.0,0.3,0.3,0.3,0.3,0.3,0.0,0.3,0.3,0.0,0.0,0.0,0.0,0.0,0.0,0.0,0.0,0.0,0.0,0.0,0.0,0.0,0.0,0.3,0.3,0.3,0.3,0.0,0.0,0.0,0.0,0.0,0.0,0.0,0.0,0.0,0.0,0.0,0.0,0.0,0.0,0.0,0.0,0.0,0.0,-0.5,-0.5,0.0,0.0,0.0,0.0
Boca de Fuego,0.3,0.3,0.3,0.0,0.0,0.0,0.0,0.0,0.3,0.3,0.3,0.5,0.0,0.0,0.0,0.0,0.0,0.0,0.0,0.0,0.0,0.0,0.0,-0.5,-0.5,0.3,0.3,-0.5,0.0,0.0,0.3,0.0,0.0,0.0,0.0,0.0,0.0,0.0,0.0,0.0,0.0,0.0,0.0,0.0,0.0,0.0,0.0,0.3,0.0,0.0,0.3,0.3,0.3,0.3,0.3,0.0,0.3,0.3,0.0,0.0,0.0,0.0,0.0,0.0,0.0,0.0,0.0,0.0,0.0,0.0,0.0,0.0,0.3,0.3,0.3,0.3,0.0,0.0,0.0,0.0,0.0,0.0,0.0,0.0,0.0,0.0,0.0,0.0,0.0,0.0,0.0,0.0,0.0,0.0,-0.5,-0.5,0.0,0.0,0.0,0.0
Cíclido Convicto,-0.5,-0.5,-0.5,0.0,0.0,0.0,0.0,0.0,-0.3,-0.3,-0.3,0.3,0.0,0.0,0.0,0.0,0.0,0.0,0.0,0.0,0.0,0.0,0.0,-1.0,-1.0,-0.5,-0.5,-0.3,0.0,0.0,-0.5,0.0,0.0,0.0,0.0,0.0,0.0,0.0,0.0,0.0,0.0,0.0,0.0,0.0,0.0,0.0,0.0,-0.3,0.0,0.0,-0.5,-0.5,-0.5,-0.5,-0.5,0.0,-0.5,-0.5,0.0,0.0,0.0,0.0,0.0,0.0,0.0,0.0,-0.5,0.0,0.0,0.0,0.0,0.0,-0.3,-0.3,-0.3,-0.3,0.0,0.0,0.0,0.0,0.0,0.0,0.0,0.0,0.0,0.0,0.0,0.0,0.0,0.0,0.0,0.0,0.0,0.0,-1.0,-1.0,0.0,0.0,0.0,0.0
Jack Dempsey,-0.5,-0.5,-0.5,0.0,0.0,0.0,0.0,0.0,-0.3,-0.3,-0.3,0.3,0.0,0.0,0.0,0.0,0.0,0.0,0.0,0.0,0.0,0.0,0.0,-1.0,-1.0,-0.5,-0.5,-0.3,0.0,0.0,-0.5,0.0,0.0,0.0,0.0,0.0,0.0,0.0,0.0,0.0,0.0,0.0,0.0,0.0,0.0,0.0,0.0,-0.3,0.0,0.0,-0.5,-0.5,-0.5,-0.5,-0.5,0.0,-0.5,-0.5,0.0,0.0,0.0,0.0,0.0,0.0,0.0,-0.5,0.0,0.0,0.0,0.0,0.0,0.0,-0.3,-0.3,-0.3,-0.3,0.0,0.0,0.0,0.0,0.0,0.0,0.0,0.0,0.0,0.0,0.0,0.0,0.0,0.0,0.0,0.0,0.0,0.0,-1.0,-1.0,0.0,0.0,0.0,0.0
Labidochromis Amarillo,-0.5,-0.5,-0.5,0.0,-0.3,-0.3,-0.3,-0.3,-0.5,-0.5,-0.5,0.0,0.0,0.0,0.0,0.0,0.0,0.0,0.0,0.0,0.0,0.0,0.0,-0.8,-0.8,-0.5,-0.5,-1.0,0.0,0.0,-0.5,0.0,0.0,0.0,0.0,0.0,0.0,0.0,0.0,0.0,-0.3,0.0,0.0,0.0,0.0,0.0,0.0,-0.5,0.0,0.0,-0.5,-0.5,-0.5,-0.5,-0.5,0.0,-0.5,-0.5,0.0,0.0,0.0,0.0,0.0,0.0,0.0,0.0,0.0,0.0,-0.3,0.0,0.0,0.0,-0.5,-0.5,-0.5,-0.5,0.0,0.0,0.0,0.0,0.0,0.0,-0.3,-0.3,-0.3,0.0,0.0,0.0,0.0,0.0,0.0,0.0,0.0,0.0,-0.8,-0.8,0.0,0.0,0.0,0.0
Demasoni,-0.5,-0.5,-0.5,0.0,-0.3,-0.3,-0.3,-0.3,-0.5,-0.5,-0.5,0.0,0.0,0.0,0.0,0.0,0.0,0.0,0.0,0.0,0.0,0.0,0.0,-0.8,-0.8,-0.5,-0.5,-1.0,0.0,0.0,-0.5,0.0,0.0,0.0,0.0,0.0,0.0,0.0,0.0,0.0,-0.3,0.0,0.0,0.0,0.0,0.0,0.0,-0.5,0.0,0.0,-0.5,-0.5,-0.5,-0.5,-0.5,0.0,-0.5,-0.5,0.0,0.0,0.0,0.0,0.0,0.0,0.0,0.0,0.0,-0.3,0.0,0.0,0.0,0.0,-0.5,-0.5,-0.5,-0.5,0.0,0.0,0.0,0.0,0.0,0.0,-0.3,-0.3,-0.3,0.0,0.0,0.0,0.0,0.0,0.0,0.0,0.0,0.0,-0.8,-0.8,0.0,0.0,0.0,0.0
Arcoíris Boesemani,0.5,0.5,0.5,0.0,0.5,0.5,0.5,0.5,0.7,0.7,0.7,0.7,0.0,0.3,0.0,0.0,0.0,0.0,0.0,0.0,0.0,0.0,0.0,0.0,0.0,0.5,0.5,-1.0,0.0,0.0,0.5,0.0,0.0,0.0,0.0,0.0,0.0,0.0,0.0,0.0,0.5,0.0,0.0,0.0,0.0,0.0,0.0,0.7,0.0,0.7,0.5,0.5,0.5,0.5,0.5,0.0,0.5,0.5,0.0,0.0,0.0,0.0,0.0,0.0,0.0,0.0,0.0,0.0,0.0,0.0,0.7,0.7,0.7,0.7,0.7,0.7,0.0,0.0,0.0,0.0,0.0,0.0,0.5,0.5,0.5,0.0,0.0,0.0,0.0,0.0,0.0,0.0,0.0,0.0,0.0,0.0,0.0,0.0,0.0,0.0
Arcoíris Turquesa,0.5,0.5,0.5,0.0,0.5,0.5,0.5,0.5,0.7,0.7,0.7,0.7,0.0,0.3,0.0,0.0,0.0,0.0,0.0,0.0,0.0,0.0,0.0,0.0,0.0,0.5,0.5,-1.0,0.0,0.0,0.5,0.0,0.0,0.0,0.0,0.0,0.0,0.0,0.0,0.0,0.5,0.0,0.0,0.0,0.0,0.0,0.0,0.7,0.0,0.7,0.5,0.5,0.5,0.5,0.5,0.0,0.5,0.5,0.0,0.0,0.0,0.0,0.0,0.0,0.0,0.0,0.0,0.0,0.0,0.7,0.0,0.7,0.7,0.7,0.7,0.7,0.0,0.0,0.0,0.0,0.0,0.0,0.5,0.5,0.5,0.0,0.0,0.0,0.0,0.0,0.0,0.0,0.0,0.0,0.0,0.0,0.0,0.0,0.0,0.0
Ojo Azul de Forktail,0.5,0.5,0.5,0.0,0.5,0.5,0.5,0.5,0.7,0.7,0.7,0.7,0.0,0.3,0.0,0.0,0.0,0.0,0.0,0.0,0.0,0.0,0.0,0.0,0.0,0.5,0.5,-1.0,0.0,0.0,0.5,0.0,0.0,0.0,0.0,0.0,0.0,0.0,0.0,0.0,0.5,0.0,0.0,0.0,0.0,0.0,0.0,0.7,0.0,0.7,0.5,0.5,0.5,0.5,0.5,0.0,0.5,0.5,0.0,0.0,0.0,0.0,0.0,0.0,0.0,0.0,0.0,0.0,0.0,0.7,0.7,0.0,0.7,0.7,0.7,0.7,0.0,0.0,0.0,0.0,0.0,0.0,0.5,0.5,0.5,0.0,0.0,0.0,0.0,0.0,0.0,0.0,0.0,0.0,0.0,0.0,0.0,0.0,0.0,0.0
Corydora Panda,1.0,1.0,1.0,0.3,0.7,0.7,0.7,0.7,0.9,0.9,0.9,0.7,0.8,0.7,0.5,0.6,0.6,0.0,0.3,0.5,0.0,0.0,0.0,0.7,0.7,1.0,1.0,-1.0,0.0,0.5,1.0,0.0,0.3,0.0,0.5,0.0,0.6,0.5,0.7,0.0,0.7,0.0,0.0,0.5,0.6,0.3,0.6,0.9,0.6,0.7,1.0,1.0,1.0,1.0,1.0,0.0,1.0,1.0,0.5,0.5,0.5,0.5,0.3,0.3,0.3,-0.3,-0.3,-0.5,-0.5,0.7,0.7,0.7,0.0,0.9,0.9,0.9,0.7,0.5,0.3,0.5,0.5,0.5,0.7,0.7,0.7,0.5,0.5,0.3,0.0,0.8,0.8,0.3,0.5,0.3,0.7,0.7,0.7,0.7,0.0,0.0
Corydora Sterbai,1.0,1.0,1.0,0.3,0.7,0.7,0.7,0.7,0.9,0.9,0.9,0.7,0.8,0.7,0.7,0.6,0.6,0.0,0.3,0.5,0.0,0.0,0.0,0.7,0.7,1.0,1.0,-1.0,0.0,0.5,1.0,0.0,0.3,0.0,0.5,0.0,0.6,0.5,0.7,0.0,0.7,0.0,0.0,0.5,0.6,0.3,0.6,0.9,0.6,0.7,1.0,1.0,1.0,1.0,1.0,0.0,1.0,1.0,0.5,0.5,0.5,0.5,0.3,0.3,0.3,-0.3,-0.3,-0.5,-0.5,0.7,0.7,0.7,0.9,0.0,0.9,0.9,0.7,0.5,0.3,0.5,0.5,0.5,0.7,0.7,0.7,0.5,0.5,0.3,0.0,0.8,0.8,0.3,0.5,0.3,0.7,0.7,0.7,0.7,0.0,0.0
Corydora Julii,1.0,1.0,1.0,0.3,0.7,0.7,0.7,0.7,0.9,0.9,0.9,0.7,0.8,0.7,0.5,0.6,0.6,0.0,0.3,0.5,0.0,0.0,0.0,0.7,0.7,1.0,1.0,-1.0,0.0,0.5,1.0,0.0,0.3,0.0,0.5,0.0,0.6,0.5,0.7,0.0,0.7,0.0,0.0,0.5,0.6,0.3,0.6,0.9,0.6,0.7,1.0,1.0,1.0,1.0,1.0,0.0,1.0,1.0,0.5,0.5,0.5,0.5,0.3,0.3,0.3,-0.3,-0.3,-0.5,-0.5,0.7,0.7,0.7,0.9,0.9,0.0,0.9,0.7,0.5,0.3,0.5,0.5,0.5,0.7,0.7,0.7,0.5,0.5,0.3,0.0,0.8,0.8,0.3,0.5,0.3,0.7,0.7,0.7,0.7,0.0,0.0
Corydora Sal y Pimienta,1.0,1.0,1.0,0.3,0.7,0.7,0.7,0.7,0.9,0.9,0.9,0.7,0.8,0.7,0.5,0.6,0.6,0.0,0.3,0.5,0.0,0.0,0.0,0.7,0.7,1.0,1.0,-1.0,0.0,0.5,1.0,0.0,0.3,0.0,0.5,0.0,0.6,0.5,0.7,0.0,0.7,0.0,0.0,0.5,0.6,0.3,0.6,0.9,0.6,0.7,1.0,1.0,1.0,1.0,1.0,0.0,1.0,1.0,0.5,0.5,0.5,0.5,0.3,0.3,0.3,-0.3,-0.3,-0.5,-0.5,0.7,0.7,0.7,0.9,0.9,0.9,0.0,0.7,0.5,0.3,0.5,0.5,0.5,0.7,0.7,0.7,0.5,0.5,0.3,0.0,0.8,0.8,0.3,0.5,0.3,0.7,0.7,0.7,0.7,0.0,0.0
Pez de Cristal,0.5,0.5,0.5,0.0,0.0,0.0,0.0,0.0,0.7,0.7,0.7,0.5,0.0,0.0,0.0,0.0,0.0,0.0,0.0,0.0,0.0,0.0,0.0,0.0,0.0,0.5,0.5,-1.0,0.0,0.0,0.5,0.0,0.0,0.0,0.0,0.0,0.0,0.0,0.0,0.0,0.0,0.0,0.0,0.0,0.0,0.0,0.0,0.7,0.0,0.0,0.5,0.5,0.5,0.5,0.5,0.0,0.5,0.5,0.0,0.0,0.0,0.0,0.0,0.0,0.0,0.0,0.0,0.0,0.0,0.0,0.0,0.0,0.7,0.7,0.7,0.7,0.0,0.0,0.0,0.0,0.0,0.0,0.0,0.0,0.0,0.0,0.0,0.0,0.0,0.0,0.0,0.0,0.0,0.0,0.0,0.0,0.0,0.0,0.0,0.0
Bagre Invertido,0.5,0.5,0.5,0.0,0.0,0.0,0.0,0.0,0.5,0.5,0.5,0.5,0.0,0.0,0.0,0.0,0.0,0.0,0.0,0.0,0.0,0.0,0.0,0.0,0.0,0.5,0.5,-1.0,0.0,0.0,0.5,0.0,0.0,0.0,0.0,0.0,0.0,0.0,0.0,0.0,0.0,0.0,0.0,0.0,0.0,0.0,0.0,0.5,0.0,0.0,0.5,0.5,0.5,0.5,0.5,0.0,0.5,0.5,0.0,0.0,0.0,0.0,0.0,0.0,0.0,0.0,0.0,0.0,0.0,0.0,0.0,0.0,0.5,0.5,0.5,0.5,0.0,0.0,0.0,0.0,0.0,0.0,0.0,0.0,0.0,0.0,0.0,0.0,0.0,0.0,0.0,0.0,0.0,0.0,0.0,0.0,0.0,0.0,0.0,0.0
Bagre Pictus,0.0,0.0,0.0,0.0,0.0,0.0,0.0,0.0,0.3,0.3,0.3,0.5,0.0,0.0,0.0,0.0,0.0,0.0,0.0,0.0,0.0,0.0,-0.8,-0.8,-0.8,0.0,0.0,-1.0,0.0,0.0,-0.5,0.0,0.0,0.0,0.0,0.0,0.0,0.0,0.0,0.0,0.0,-0.8,0.0,0.0,0.0,0.0,0.0,0.3,0.0,0.0,0.0,0.0,0.0,0.0,0.0,0.0,0.0,0.0,0.0,0.0,0.0,0.0,0.0,0.0,0.0,0.0,0.0,0.0,0.0,0.0,0.0,0.0,0.3,0.3,0.3,0.3,0.0,0.0,0.0,0.0,0.0,0.0,0.0,0.0,0.0,0.0,0.0,0.0,0.0,0.0,0.0,0.0,0.0,0.0,-0.8,-0.8,0.0,0.0,0.0,0.0
Locha Yoyo,0.7,0.7,0.7,0.0,0.0,0.0,0.0,0.0,0.5,0.5,0.5,0.0,0.0,0.0,0.0,0.0,0.0,0.0,0.0,0.0,0.0,0.0,0.0,0.0,0.0,0.7,0.7,-1.0,0.0,0.5,0.7,0.0,0.0,0.0,0.0,0.0,0.0,0.5,0.0,0.0,0.0,0.0,0.0,0.5,0.0,0.0,0.0,0.5,0.0,0.0,0.7,0.7,0.7,0.7,0.7,0.0,0.7,0.7,0.0,0.0,0.0,0.0,0.0,0.0,0.0,0.0,0.0,0.0,0.0,0.0,0.0,0.0,0.5,0.5,0.5,0.5,0.0,0.0,0.0,0.0,0.5,0.5,0.0,0.0,0.0,0.0,0.0,0.0,0.0,0.0,0.0,0.0,0.0,0.0,0.0,0.0,0.0,0.0,0.0,0.0
Locha Cebra,0.7,0.7,0.7,0.0,0.0,0.0,0.0,0.0,0.5,0.5,0.5,0.0,0.0,0.0,0.0,0.0,0.0,0.0,0.0,0.0,0.0,0.0,0.0,0.0,0.0,0.7,0.7,-1.0,0.0,0.5,0.7,0.0,0.0,0.0,0.0,0.0,0.0,0.5,0.0,0.0,0.0,0.0,0.0,0.5,0.0,0.0,0.0,0.5,0.0,0.0,0.7,0.7,0.7,0.7,0.7,0.0,0.7,0.7,0.0,0.0,0.0,0.0,0.0,0.0,0.0,0.0,0.0,0.0,0.0,0.0,0.0,0.0,0.5,0.5,0.5,0.5,0.0,0.0,0.0,0.5,0.0,0.5,0.0,0.0,0.0,0.0,0.0,0.0,0.0,0.0,0.0,0.0,0.0,0.0,0.0,0.0,0.0,0.0,0.0,0.0
Locha Mariposa,0.7,0.7,0.7,0.0,0.0,0.0,0.0,0.0,0.5,0.5,0.5,0.0,0.0,0.0,0.0,0.0,0.0,0.0,0.0,0.0,0.0,0.0,0.0,0.0,0.0,0.7,0.7,-1.0,0.0,0.5,0.7,0.0,0.0,0.0,0.0,0.0,0.0,0.5,0.0,0.0,0.0,0.0,0.0,0.5,0.0,0.0,0.0,0.5,0.0,0.0,0.7,0.7,0.7,0.7,0.7,0.0,0.7,0.7,0.0,0.0,0.0,0.0,0.0,0.0,0.0,0.0,0.0,0.0,0.0,0.0,0.0,0.0,0.5,0.5,0.5,0.5,0.0,0.0,0.0,0.5,0.5,0.0,0.0,0.0,0.0,0.0,0.0,0.0,0.0,0.0,0.0,0.0,0.0,0.0,0.0,0.0,0.0,0.0,0.0,0.0
Molly Vela,0.5,0.5,0.5,0.0,0.5,0.5,0.5,0.5,0.7,0.7,0.7,0.7,0.7,0.0,0.0,0.0,0.0,0.0,0.0,0.5,0.0,0.0,0.0,0.0,0.0,0.5,0.5,-1.0,0.0,0.0,0.5,0.0,0.0,0.0,0.5,0.0,0.0,0.0,0.7,0.0,0.5,0.0,0.0,0.0,0.0,0.0,0.0,0.7,0.0,0.5,0.5,0.5,0.5,0.5,0.5,0.0,0.5,0.5,0.5,0.5,0.5,0.5,0.0,0.0,0.0,0.0,0.0,-0.3,-0.3,0.5,0.5,0.5,0.7,0.7,0.7,0.7,0.0,0.0,0.0,0.0,0.0,0.0,0.0,0.5,0.5,0.0,0.0,0.0,0.0,0.0,0.0,0.0,0.0,0.0,0.0,0.0,0.7,0.7,0.0,0.0
Molly Yucatán,0.5,0.5,0.5,0.0,0.5,0.5,0.5,0.5,0.7,0.7,0.7,0.7,0.7,0.0,0.0,0.0,0.0,0.0,0.0,0.5,0.0,0.0,0.0,0.0,0.0,0.5,0.5,-0.5,0.0,0.0,0.5,0.0,0.0,0.0,0.5,0.0,0.0,0.0,0.7,0.0,0.5,0.0,0.0,0.0,0.0,0.0,0.0,0.7,0.0,0.5,0.5,0.5,0.5,0.5,0.5,0.0,0.5,0.5,0.5,0.5,0.5,0.5,0.0,0.0,0.0,0.0,0.0,-0.3,-0.3,0.5,0.5,0.5,0.7,0.7,0.7,0.7,0.0,0.0,0.0,0.0,0.0,0.0,0.5,0.0,0.5,0.0,0.0,0.0,0.0,0.0,0.0,0.0,0.0,0.0,0.0,0.0,0.7,0.7,0.0,0.0
Limia Rayada,0.5,0.5,0.5,0.0,0.5,0.5,0.5,0.5,0.7,0.7,0.7,0.7,0.7,0.0,0.0,0.0,0.0,0.0,0.0,0.5,0.0,0.0,0.0,0.0,0.0,0.5,0.5,-1.0,0.0,0.0,0.5,0.0,0.0,0.0,0.5,0.0,0.0,0.0,0.7,0.0,0.5,0.0,0.0,0.0,0.0,0.0,0.0,0.7,0.0,0.5,0.5,0.5,0.5,0.5,0.5,0.0,0.5,0.5,0.5,0.5,0.5,0.5,0.0,0.0,0.0,0.0,0.0,-0.3,-0.3,0.5,0.5,0.5,0.7,0.7,0.7,0.7,0.0,0.0,0.0,0.0,0.0,0.0,0.5,0.5,0.0,0.0,0.0,0.0,0.0,0.0,0.0,0.0,0.0,0.0,0.0,0.0,0.7,0.7,0.0,0.0
Killifish Payaso,0.3,0.3,0.3,0.0,0.0,0.0,0.0,0.0,0.5,0.5,0.5,0.0,0.0,0.0,0.0,0.0,0.0,0.0,0.0,0.0,0.0,0.0,0.0,0.0,0.0,0.3,0.3,-1.0,0.0,0.0,0.3,0.0,0.0,0.0,0.0,0.0,0.0,0.0,0.0,0.0,0.0,0.0,0.0,0.0,0.0,0.0,0.0,0.5,0.0,0.0,0.3,0.3,0.3,0.3,0.3,0.0,0.3,0.3,0.0,0.0,0.0,0.0,0.0,0.0,0.0,0.0,0.0,0.0,0.0,0.0,0.0,0.0,0.5,0.5,0.5,0.5,0.0,0.0,0.0,0.0,0.0,0.0,0.0,0.0,0.0,0.0,-0.3,0.0,0.0,0.0,0.0,0.0,0.0,0.0,0.0,0.0,0.0,0.0,0.0,0.0
Killifish Dorado,0.3,0.3,0.3,0.0,0.0,0.0,0.0,0.0,0.5,0.5,0.5,0.0,0.0,0.0,0.0,0.0,0.0,0.0,0.0,0.0,0.0,0.0,-0.5,0.0,0.0,0.3,0.3,-1.0,0.0,0.0,0.3,0.0,0.0,0.0,0.0,0.0,0.0,0.0,0.0,0.0,0.0,-0.5,0.0,0.0,0.0,0.0,0.0,0.5,0.0,0.0,0.3,0.3,0.3,0.3,0.3,0.0,0.3,0.3,0.0,0.0,0.0,0.0,0.0,0.0,0.0,0.0,0.0,0.0,0.0,0.0,0.0,0.0,0.5,0.5,0.5,0.5,0.0,0.0,0.0,0.0,0.0,0.0,0.0,0.0,0.0,-0.3,0.0,0.0,0.0,0.0,0.0,0.0,0.0,0.0,0.0,0.0,0.0,0.0,0.0,0.0
Badis Escarlata,0.0,0.0,0.0,0.0,0.0,0.0,0.0,0.0,0.3,0.3,0.3,0.0,0.5,0.0,0.0,0.0,0.0,0.0,0.0,0.0,0.0,0.0,-0.3,0.0,-0.3,0.0,0.0,-1.0,0.0,0.0,0.0,0.0,0.0,0.0,0.0,0.0,0.0,0.0,0.0,0.0,0.0,0.0,0.0,0.0,0.0,0.0,0.0,0.3,0.0,0.0,0.0,0.0,0.0,0.0,0.0,0.0,0.0,0.0,0.0,0.0,0.0,0.0,0.0,0.0,0.0,0.0,0.0,0.0,0.0,0.0,0.0,0.0,0.3,0.3,0.3,0.3,0.0,0.0,0.0,0.0,0.0,0.0,0.0,0.0,0.0,0.0,0.0,0.0,0.0,0.0,0.0,0.0,0.0,0.0,0.0,0.0,0.0,0.0,0.0,0.0
Pez Globo Enano,-0.3,-0.3,-0.3,-0.8,-0.5,0.0,0.0,0.0,0.0,0.0,0.0,0.0,0.0,0.0,0.0,0.0,0.0,0.0,0.0,0.0,0.0,0.0,0.0,-0.5,-0.5,-0.3,-0.3,-1.0,0.0,0.0,-0.3,0.0,0.0,0.0,0.0,0.0,0.0,0.0,0.0,0.0,0.0,0.0,0.0,0.0,0.0,0.0,0.0,0.0,0.0,0.0,-0.3,-0.3,-0.3,-0.3,-0.3,0.0,-0.3,-0.3,0.0,0.0,0.0,0.0,0.0,0.0,0.0,0.0,0.0,0.0,0.0,0.0,0.0,0.0,0.0,0.0,0.0,0.0,0.0,0.0,0.0,0.0,0.0,0.0,0.0,0.0,0.0,0.0,0.0,0.0,0.0,0.0,0.0,0.0,0.0,0.0,-0.5,-0.5,-0.8,-0.8,0.0,0.0
Pez Hacha Plateado,0.7,0.7,0.7,0.0,0.0,0.0,0.0,0.0,0.8,0.8,0.8,0.7,0.8,0.0,0.0,0.0,0.0,0.0,0.0,0.0,0.0,0.7,0.7,0.0,0.0,0.7,0.7,-1.0,0.7,0.0,0.7,0.0,0.0,0.0,0.0,0.0,0.0,0.0,0.0,0.0,0.0,0.7,0.0,0.0,0.0,0.0,0.0,0.8,0.0,0.0,0.7,0.7,0.7,0.7,0.7,0.0,0.7,0.7,0.0,0.0,0.0,0.0,0.0,0.0,0.0,0.0,0.0,0.0,0.0,0.0,0.0,0.0,0.8,0.8,0.8,0.8,0.0,0.0,0.0,0.0,0.0,0.0,0.0,0.0,0.0,0.0,0.0,0.0,0.0,0.0,0.8,0.0,-0.5,0.0,0.0,0.0,0.0,0.0,0.0,0.0
Pez Hacha Mármol,0.7,0.7,0.7,0.0,0.0,0.0,0.0,0.0,0.8,0.8,0.8,0.7,0.8,0.0,0.0,0.0,0.0,0.0,0.0,0.0,0.0,0.7,0.7,0.0,0.0,0.7,0.7,-1.0,0.7,0.0,0.7,0.0,0.0,0.0,0.0,0.0,0.0,0.0,0.0,0.0,0.0,0.7,0.0,0.0,0.0,0.0,0.0,0.8,0.0,0.0,0.7,0.7,0.7,0.7,0.7,0.0,0.7,0.7,0.0,0.0,0.0,0.0,0.0,0.0,0.0,0.0,0.0,0.0,0.0,0.0,0.0,0.0,0.8,0.8,0.8,0.8,0.0,0.0,0.0,0.0,0.0,0.0,0.0,0.0,0.0,0.0,0.0,0.0,0.0,0.8,0.0,0.0,-0.5,0.0,0.0,0.0,0.0,0.0,0.0,0.0
Pez Elefante,0.3,0.3,0.3,0.0,0.0,0.0,0.0,0.0,0.3,0.3,0.3,0.5,0.0,0.0,0.0,0.0,0.0,0.0,0.0,0.0,0.0,0.0,0.0,-0.3,-0.3,0.3,0.3,-0.5,0.0,0.0,0.3,0.0,0.0,0.0,0.0,0.0,0.0,0.0,0.0,0.0,0.0,0.0,0.0,0.0,0.0,0.0,0.0,0.3,0.0,0.0,0.3,0.3,0.3,0.3,0.3,0.0,0.3,0.3,0.0,0.0,0.0,0.0,0.0,0.0,0.0,0.0,0.0,0.0,0.0,0.0,0.0,0.0,0.3,0.3,0.3,0.3,0.0,0.0,0.0,0.0,0.0,0.0,0.0,0.0,0.0,0.0,0.0,0.0,0.0,0.0,0.0,0.0,0.0,0.0,-0.3,-0.3,0.0,0.0,0.0,0.0
Pez Mariposa Africano,0.0,0.0,0.0,0.0,-0.5,0.0,0.0,0.0,0.5,0.5,0.5,0.5,0.0,0.0,0.0,0.0,0.0,0.0,0.0,0.0,0.0,0.0,0.0,-0.3,-0.3,0.0,0.0,-1.0,0.0,0.0,0.0,0.0,0.0,0.0,0.0,0.0,0.0,0.0,0.0,0.0,-0.5,0.0,0.0,0.0,0.0,0.0,0.0,0.5,0.0,0.0,0.0,0.0,0.0,0.0,0.0,0.0,0.0,0.0,0.0,0.0,0.0,0.0,0.0,0.0,0.0,0.0,0.0,0.0,0.0,0.0,0.0,0.0,0.5,0.5,0.5,0.5,0.0,0.0,0.0,0.0,0.0,0.0,0.0,0.0,0.0,0.0,0.0,0.0,0.0,-0.5,-0.5,0.0,0.0,0.0,-0.3,-0.3,0.0,0.0,0.0,0.0
Pez Cuerda,-0.8,-0.8,0.0,0.0,0.0,0.0,0.0,0.0,0.3,0.3,0.3,0.5,0.0,0.3,0.0,0.0,0.0,0.0,0.0,0.0,0.0,-0.8,-0.8,-1.0,-1.0,0.0,0.0,-0.3,-0.8,0.0,-0.8,0.0,0.0,0.0,0.0,0.0,0.0,0.0,0.0,0.0,0.0,-0.8,0.0,0.0,0.0,0.0,0.0,0.3,0.0,0.0,0.0,0.0,0.0,0.0,0.0,0.0,0.0,0.0,0.0,0.0,0.0,0.0,0.0,0.0,0.0,0.0,0.0,0.0,0.0,0.0,0.0,0.0,0.3,0.3,0.3,0.3,0.0,0.0,0.0,0.0,0.0,0.0,0.0,0.0,0.0,0.0,0.0,0.0,0.0,0.0,0.0,0.0,0.0,0.0,-1.0,-1.0,0.0,0.0,0.0,0.0
Gamba Crystal Red,0.5,0.5,0.5,0.0,0.0,0.0,0.0,0.0,0.7,0.7,0.7,0.0,0.8,-0.8,0.0,0.0,0.0,0.0,0.0,0.0,0.0,0.5,0.5,0.8,0.8,0.5,0.5,-1.0,0.5,0.0,0.5,0.0,0.0,0.0,0.0,0.0,0.0,-0.3,0.0,-0.8,0.0,0.5,0.0,0.0,0.0,-0.5,0.0,0.7,0.0,0.0,0.5,0.5,0.5,0.5,0.5,0.0,0.5,0.5,0.0,0.0,0.0,0.0,-0.5,-0.5,-0.5,-1.0,-1.0,-0.8,-0.8,0.0,0.0,0.0,0.7,0.7,0.7,0.7,0.0,0.0,-0.8,0.0,0.0,0.0,0.0,0.0,0.0,0.0,0.0,0.0,-0.5,0.0,0.0,-0.3,-0.3,-1.0,0.0,0.8,0.8,0.8,0.0,0.0
Gamba Bambú,0.5,0.5,0.5,0.0,0.0,0.0,0.0,0.0,0.7,0.7,0.7,0.0,0.8,-0.8,0.0,0.0,0.0,0.0,0.0,0.0,0.0,0.5,0.5,0.8,0.8,0.5,0.5,-1.0,0.5,0.0,0.5,0.0,0.0,0.0,0.0,0.0,0.0,-0.3,0.0,-0.8,0.0,0.5,0.0,0.0,0.0,-0.5,0.0,0.7,0.0,0.0,0.5,0.5,0.5,0.5,0.5,0.0,0.5,0.5,0.0,0.0,0.0,0.0,-0.5,-0.5,-0.5,-1.0,-1.0,-0.8,-0.8,0.0,0.0,0.0,0.7,0.7,0.7,0.7,0.0,0.0,-0.8,0.0,0.0,0.0,0.0,0.0,0.0,0.0,0.0,0.0,-0.5,0.0,0.0,-0.3,-0.3,-1.0,0.8,0.0,0.8,0.8,0.0,0.0
Caracol Nerita,0.7,0.7,0.7,0.0,0.7,0.7,0.7,0.7,0.7,0.7,0.7,0.5,0.7,0.0,0.0,0.0,0.0,0.0,0.0,0.0,0.0,0.7,0.7,0.8,0.8,0.7,0.7,-1.0,0.7,0.0,0.7,0.0,0.0,0.0,0.0,0.0,0.0,-0.8,0.0,0.0,0.7,0.7,0.0,0.0,0.0,0.0,0.0,0.7,0.0,0.0,0.7,0.7,0.7,0.7,0.7,0.0,0.7,0.7,0.0,0.0,0.0,0.0,0.0,0.0,0.0,0.0,0.0,0.0,0.0,0.0,0.0,0.0,0.7,0.7,0.7,0.7,0.0,0.0,0.0,0.0,0.0,0.0,0.7,0.7,0.7,0.0,0.0,0.0,-0.8,0.0,0.0,0.0,0.0,0.0,0.8,0.8,0.0,0.0,0.0,0.0
Caracol Misterio,0.7,0.7,0.7,0.0,0.7,0.7,0.7,0.7,0.7,0.7,0.7,0.5,0.7,0.0,0.0,0.0,0.0,0.0,0.0,0.0,0.0,0.7,0.7,0.8,0.8,0.7,0.7,-1.0,0.7,0.0,0.7,0.0,0.0,0.0,0.0,0.0,0.0,-0.8,0.0,0.0,0.7,0.7,0.0,0.0,0.0,0.0,0.0,0.7,0.0,0.0,0.7,0.7,0.7,0.7,0.7,0.0,0.7,0.7,0.0,0.0,0.0,0.0,0.0,0.0,0.0,0.0,0.0,0.0,0.0,0.0,0.0,0.0,0.7,0.7,0.7,0.7,0.0,0.0,0.0,0.0,0.0,0.0,0.7,0.7,0.7,0.0,0.0,0.0,-0.8,0.0,0.0,0.0,0.0,0.0,0.8,0.8,0.0,0.0,0.0,0.0
Pez Paraíso,-0.3,-0.3,-0.3,-1.0,0.0,0.0,0.0,0.0,0.0,0.0,0.0,0.0,0.0,0.0,0.0,0.0,-0.8,-0.8,0.0,0.0,0.0,0.0,0.0,0.0,0.0,-0.3,-0.3,-1.0,0.0,0.0,-0.3,0.0,0.0,0.0,0.0,-0.8,-0.8,0.0,0.0,0.0,0.0,0.0,0.3,0.0,0.0,0.0,0.0,0.0,-0.8,0.0,-0.3,-0.3,-0.3,-0.3,-0.3,0.0,-0.3,-0.3,0.0,0.0,0.0,0.0,0.0,0.0,0.0,0.0,0.0,0.0,0.0,0.0,0.0,0.0,0.0,0.0,0.0,0.0,0.0,0.0,0.0,0.0,0.0,0.0,0.0,0.0,0.0,0.0,0.0,0.0,0.0,0.0,0.0,0.0,0.0,0.0,0.0,0.0,0.0,0.0,0.0,0.0
Gobio Arcoíris,0.0,0.0,0.0,0.0,0.0,0.0,0.0,0.0,0.0,0.0,0.0,0.0,0.0,0.0,0.0,0.0,0.0,0.0,0.0,0.0,0.0,0.0,0.0,0.0,0.0,0.0,0.0,-1.0,0.0,0.0,0.0,0.0,0.0,0.0,0.0,0.0,0.0,0.0,0.0,0.0,0.0,0.0,0.0,0.0,0.0,0.0,0.0,0.0,0.0,0.0,0.0,0.0,0.0,0.0,0.0,0.0,0.0,0.0,0.0,0.0,0.0,0.0,0.0,0.0,0.0,0.0,0.0,0.0,0.0,0.0,0.0,0.0,0.0,0.0,0.0,0.0,0.0,0.0,0.0,0.0,0.0,0.0,0.0,0.0,0.0,0.0,0.0,0.0,0.0,0.0,0.0,0.0,0.0,0.0,0.0,0.0,0.0,0.0,0.0,0.0
